Time,U,Y,X1,X2
0.0,0.0,0.0,0.0,0.0
0.01,0.0,0.0,0.0,0.0
0.02,0.0,0.0,0.0,0.0
0.03,0.0,0.0,0.0,0.0
0.04,0.0,0.0,0.0,0.0
0.05,0.0,0.0,0.0,0.0
0.06,0.0,0.0,0.0,0.0
0.07,0.0,0.0,0.0,0.0
0.08,0.0,-1.0,-1.0,-0.08
0.09,-36.0,0.0,-0.0,0.05
0.1,0.0,0.0,0.0,0.05
0.11,0.0,-1.0,-1.0,-0.06
0.12,-36.0,0.0,-0.0,0.1
0.13,-1.0,0.0,0.0,0.1
0.14,-1.0,0.0,0.0,0.1
0.15,-1.0,-1.0,-1.0,-0.05
0.16,-37.0,0.0,-0.0,0.14
0.17,-2.0,0.0,0.0,0.14
0.18,-2.0,0.0,0.0,0.14
0.19,-2.0,0.0,0.0,0.14
0.2,-2.0,0.0,0.0,0.14
0.21,-2.0,0.0,0.0,0.14
0.22,-2.0,0.0,0.0,0.14
0.23,-2.0,-1.0,-1.0,-0.08
0.24,-39.0,0.0,-0.0,0.19
0.25,-2.0,0.0,0.0,0.19
0.26,-2.0,-1.0,-1.0,-0.06
0.27,-39.0,0.0,-0.0,0.23
0.28,-3.0,0.0,0.0,0.23
0.29,-3.0,0.0,0.0,0.23
0.3,-3.0,-1.0,-1.0,-0.05
0.31,-39.0,0.0,-0.0,0.28
0.32,-4.0,0.0,0.0,0.27
0.33,-4.0,0.0,0.0,0.27
0.34,-3.0,0.0,0.0,0.27
0.35,-3.0,0.0,0.0,0.27
0.36,-3.0,0.0,0.0,0.27
0.37,-3.0,0.0,0.0,0.26
0.38,-3.0,0.0,0.0,0.26
0.39,-3.0,0.0,0.0,0.26
0.4,-3.0,0.0,0.0,0.26
0.41,-3.0,0.0,0.0,0.26
0.42,-3.0,0.0,0.0,0.25
0.43,-3.0,-1.0,-1.0,-0.12
0.44,-43.0,0.0,-0.0,0.3
0.45,-4.0,0.0,0.0,0.3
0.46,-3.0,-1.0,-1.0,-0.09
0.47,-43.0,0.0,-0.0,0.34
0.48,-4.0,0.0,0.0,0.34
0.49,-4.0,0.0,0.0,0.34
0.5,-4.0,0.0,0.0,0.33
0.51,-4.0,0.0,0.0,0.33
0.52,-4.0,-1.0,-1.0,-0.1
0.53,-44.0,0.0,-0.0,0.38
0.54,-4.0,0.0,0.0,0.37
0.55,-4.0,0.0,0.0,0.37
0.56,-4.0,0.0,0.0,0.37
0.57,-4.0,0.0,0.0,0.36
0.58,-4.0,0.0,0.0,0.36
0.59,-4.0,0.0,0.0,0.36
0.6,-4.0,0.0,0.0,0.36
0.61,-4.0,0.0,0.0,0.35
0.62,-3.0,0.0,0.0,0.35
0.63,-3.0,0.0,0.0,0.35
0.64,-3.0,0.0,0.0,0.34
0.65,-3.0,-1.0,-1.0,-0.16
0.66,-48.0,0.0,-0.0,0.39
0.67,-4.0,0.0,0.0,0.38
0.68,-4.0,0.0,0.0,0.38
0.69,-3.0,0.0,0.0,0.38
0.7,-3.0,0.0,0.0,0.37
0.71,-3.0,-1.0,-1.0,-0.16
0.72,-49.0,0.0,-0.0,0.42
0.73,-4.0,0.0,0.0,0.41
0.74,-4.0,0.0,0.0,0.41
0.75,-4.0,0.0,0.0,0.41
0.76,-3.0,0.0,0.0,0.4
0.77,-3.0,0.0,0.0,0.4
0.78,-3.0,0.0,0.0,0.4
0.79,-3.0,0.0,0.0,0.39
0.8,-3.0,0.0,0.0,0.39
0.81,-3.0,0.0,0.0,0.39
0.82,-3.0,0.0,0.0,0.38
0.83,-3.0,-1.0,-1.0,-0.21
0.84,-51.0,0.0,-0.0,0.42
0.85,-3.0,0.0,0.0,0.42
0.86,-3.0,0.0,0.0,0.42
0.87,-3.0,-1.0,-1.0,-0.19
0.88,-52.0,0.0,-0.0,0.46
0.89,-3.0,0.0,0.0,0.45
0.9,-3.0,-1.0,-1.0,-0.16
0.91,-52.0,0.0,-0.0,0.5
0.92,-4.0,0.0,0.0,0.49
0.93,-4.0,0.0,0.0,0.49
0.94,-3.0,-1.0,-1.0,-0.14
0.95,-52.0,0.0,-0.0,0.53
0.96,-4.0,0.0,0.0,0.52
0.97,-4.0,0.0,0.0,0.52
0.98,-3.0,0.0,0.0,0.51
0.99,-3.0,0.0,0.0,0.51
1.0,-3.0,0.0,0.0,0.5
1.01,-3.0,0.0,0.0,0.5
1.02,-3.0,0.0,0.0,0.49
1.03,-3.0,0.0,0.0,0.49
1.04,-2.0,0.0,0.0,0.48
1.05,-2.0,0.0,0.0,0.48
1.06,-2.0,0.0,0.0,0.48
1.07,-2.0,0.0,0.0,0.47
1.08,-2.0,0.0,0.0,0.47
1.09,-2.0,0.0,0.0,0.46
1.1,-1.0,0.0,0.0,0.46
1.11,-1.0,0.0,0.0,0.45
1.12,-1.0,0.0,0.0,0.45
1.13,-1.0,-1.0,-1.0,-0.23
1.14,-56.0,0.0,-0.0,0.49
1.15,-1.0,-1.0,-1.0,-0.2
1.16,-56.0,0.0,-0.0,0.53
1.17,-2.0,0.0,0.0,0.53
1.18,-2.0,0.0,0.0,0.52
1.19,-2.0,0.0,0.0,0.52
1.2,-1.0,0.0,0.0,0.51
1.21,-1.0,0.0,0.0,0.51
1.22,-1.0,0.0,0.0,0.5
1.23,-1.0,0.0,0.0,0.5
1.24,-1.0,0.0,0.0,0.49
1.25,-1.0,0.0,0.0,0.49
1.26,0.0,0.0,0.0,0.48
1.27,0.0,0.0,0.0,0.48
1.28,0.0,0.0,0.0,0.47
1.29,0.0,0.0,0.0,0.47
1.3,0.0,0.0,0.0,0.46
1.31,0.0,0.0,0.0,0.46
1.32,0.0,0.0,0.0,0.46
1.33,0.0,0.0,0.0,0.45
1.34,0.0,0.0,0.0,0.45
1.35,0.0,0.0,0.0,0.44
1.36,0.0,0.0,0.0,0.44
1.37,0.0,0.0,0.0,0.43
1.38,-1.0,0.0,0.0,0.43
1.39,1.0,-1.0,-1.0,-0.3
1.4,-61.0,0.0,-0.0,0.47
1.41,0.0,0.0,0.0,0.47
1.42,0.0,0.0,0.0,0.46
1.43,0.0,-1.0,-1.0,-0.27
1.44,-61.0,0.0,-0.0,0.5
1.45,0.0,0.0,0.0,0.5
1.46,0.0,0.0,0.0,0.5
1.47,0.0,0.0,0.0,0.49
1.48,0.0,0.0,0.0,0.49
1.49,1.0,-1.0,-1.0,-0.26
1.5,-61.0,0.0,-0.0,0.53
1.51,0.0,0.0,0.0,0.52
1.52,0.0,0.0,0.0,0.52
1.53,-1.0,0.0,0.0,0.51
1.54,-1.0,0.0,0.0,0.51
1.55,1.0,-1.0,-1.0,-0.24
1.56,-62.0,0.0,-0.0,0.55
1.57,0.0,-1.0,-1.0,-0.21
1.58,-61.0,0.0,-0.0,0.59
1.59,0.0,0.0,0.0,0.58
1.6,0.0,0.0,0.0,0.57
1.61,0.0,0.0,0.0,0.57
1.62,-1.0,0.0,0.0,0.56
1.63,-1.0,0.0,0.0,0.56
1.64,-1.0,0.0,0.0,0.55
1.65,-1.0,0.0,0.0,0.55
1.66,-1.0,0.0,0.0,0.54
1.67,-2.0,0.0,0.0,0.54
1.68,-2.0,0.0,0.0,0.53
1.69,-2.0,0.0,0.0,0.53
1.7,2.0,-1.0,-1.0,-0.24
1.71,-63.0,0.0,-0.0,0.57
1.72,-2.0,0.0,0.0,0.56
1.73,-2.0,0.0,0.0,0.56
1.74,-2.0,0.0,0.0,0.55
1.75,-2.0,0.0,0.0,0.55
1.76,2.0,-1.0,-1.0,-0.22
1.77,-64.0,0.0,-0.0,0.59
1.78,-2.0,0.0,0.0,0.58
1.79,-2.0,0.0,0.0,0.57
1.8,2.0,-1.0,-1.0,-0.2
1.81,64.0,-1.0,-1.0,-0.15
1.82,-63.0,0.0,-0.0,0.66
1.83,-1.0,0.0,0.0,0.65
1.84,-2.0,0.0,0.0,0.64
1.85,-2.0,0.0,0.0,0.64
1.86,-2.0,0.0,0.0,0.63
1.87,-2.0,0.0,0.0,0.63
1.88,-2.0,0.0,0.0,0.62
1.89,-3.0,0.0,0.0,0.61
1.9,-3.0,0.0,0.0,0.61
1.91,-3.0,0.0,0.0,0.6
1.92,-3.0,0.0,0.0,0.6
1.93,4.0,-1.0,-1.0,-0.18
1.94,-65.0,0.0,-0.0,0.64
1.95,-3.0,0.0,0.0,0.63
1.96,-3.0,0.0,0.0,0.62
1.97,-4.0,0.0,0.0,0.62
1.98,-4.0,0.0,0.0,0.61
1.99,-4.0,0.0,0.0,0.61
2.0,-4.0,0.0,0.0,0.6
2.01,-4.0,0.0,0.0,0.6
2.02,-5.0,0.0,0.0,0.59
2.03,5.0,-1.0,-1.0,-0.19
2.04,-67.0,0.0,-0.0,0.63
2.05,-4.0,0.0,0.0,0.62
2.06,-5.0,0.0,0.0,0.62
2.07,-5.0,0.0,0.0,0.61
2.08,-5.0,0.0,0.0,0.61
2.09,-5.0,0.0,0.0,0.6
2.1,5.0,-1.0,-1.0,-0.19
2.11,-68.0,0.0,-0.0,0.64
2.12,-5.0,0.0,0.0,0.63
2.13,-5.0,0.0,0.0,0.63
2.14,-5.0,0.0,0.0,0.62
2.15,-6.0,0.0,0.0,0.62
2.16,-6.0,0.0,0.0,0.61
2.17,6.0,-1.0,-1.0,-0.18
2.18,-68.0,0.0,-0.0,0.65
2.19,-6.0,0.0,0.0,0.64
2.2,-6.0,0.0,0.0,0.64
2.21,-6.0,0.0,0.0,0.63
2.22,-6.0,0.0,0.0,0.63
2.23,-6.0,0.0,0.0,0.62
2.24,7.0,-1.0,-1.0,-0.17
2.25,-69.0,0.0,-0.0,0.66
2.26,-6.0,0.0,0.0,0.65
2.27,-6.0,0.0,0.0,0.65
2.28,-7.0,0.0,0.0,0.64
2.29,-7.0,0.0,0.0,0.64
2.3,-7.0,0.0,0.0,0.63
2.31,-7.0,0.0,0.0,0.63
2.32,-8.0,0.0,0.0,0.62
2.33,-8.0,0.0,0.0,0.61
2.34,-8.0,0.0,0.0,0.61
2.35,-8.0,0.0,0.0,0.6
2.36,-8.0,0.0,0.0,0.6
2.37,9.0,-1.0,-1.0,-0.2
2.38,-71.0,0.0,-0.0,0.64
2.39,-8.0,0.0,0.0,0.63
2.4,8.0,-1.0,-1.0,-0.16
2.41,-71.0,0.0,-0.0,0.67
2.42,-8.0,0.0,0.0,0.66
2.43,-8.0,0.0,0.0,0.66
2.44,-8.0,0.0,0.0,0.65
2.45,-8.0,0.0,0.0,0.65
2.46,-9.0,0.0,0.0,0.64
2.47,-9.0,0.0,0.0,0.64
2.48,-9.0,0.0,0.0,0.63
2.49,-9.0,0.0,0.0,0.63
2.5,-10.0,0.0,0.0,0.62
2.51,-10.0,0.0,0.0,0.61
2.52,-10.0,0.0,0.0,0.61
2.53,-10.0,0.0,0.0,0.6
2.54,-10.0,0.0,0.0,0.6
2.55,-10.0,0.0,0.0,0.59
2.56,-11.0,0.0,0.0,0.59
2.57,-11.0,0.0,0.0,0.59
2.58,-11.0,0.0,0.0,0.58
2.59,-11.0,0.0,0.0,0.58
2.6,-11.0,0.0,0.0,0.57
2.61,-12.0,0.0,0.0,0.57
2.62,12.0,-1.0,-1.0,-0.23
2.63,-74.0,0.0,-0.0,0.61
2.64,-11.0,0.0,0.0,0.6
2.65,-11.0,0.0,0.0,0.6
2.66,-12.0,0.0,0.0,0.59
2.67,-12.0,0.0,0.0,0.59
2.68,-12.0,0.0,0.0,0.58
2.69,-12.0,0.0,0.0,0.58
2.7,-12.0,0.0,0.0,0.57
2.71,-12.0,0.0,0.0,0.57
2.72,13.0,-1.0,-1.0,-0.23
2.73,-75.0,0.0,-0.0,0.61
2.74,-12.0,0.0,0.0,0.6
2.75,-12.0,0.0,0.0,0.6
2.76,-12.0,0.0,0.0,0.6
2.77,-13.0,0.0,0.0,0.59
2.78,-13.0,0.0,0.0,0.59
2.79,-13.0,0.0,0.0,0.58
2.8,-13.0,0.0,0.0,0.58
2.81,-13.0,0.0,0.0,0.57
2.82,-13.0,0.0,0.0,0.57
2.83,-14.0,0.0,0.0,0.56
2.84,-14.0,0.0,0.0,0.56
2.85,-14.0,0.0,0.0,0.56
2.86,-14.0,0.0,0.0,0.55
2.87,-14.0,0.0,0.0,0.55
2.88,-14.0,0.0,0.0,0.54
2.89,-15.0,0.0,0.0,0.54
2.9,-15.0,0.0,0.0,0.53
2.91,-15.0,0.0,0.0,0.53
2.92,-15.0,0.0,0.0,0.53
2.93,-15.0,0.0,0.0,0.52
2.94,-15.0,0.0,0.0,0.52
2.95,15.0,-1.0,-1.0,-0.28
2.96,-78.0,0.0,-0.0,0.56
2.97,-15.0,0.0,0.0,0.56
2.98,-15.0,0.0,0.0,0.55
2.99,-15.0,0.0,0.0,0.55
3.0,15.0,-1.0,-1.0,-0.25
3.01,-78.0,0.0,-0.0,0.59
3.02,15.0,-1.0,-1.0,-0.21
3.03,-77.0,0.0,-0.0,0.63
3.04,14.0,-1.0,-1.0,-0.17
3.05,77.0,-1.0,-1.0,-0.13
3.06,-76.0,0.0,-0.0,0.72
3.07,-13.0,0.0,0.0,0.71
3.08,-13.0,0.0,0.0,0.7
3.09,-14.0,0.0,0.0,0.7
3.1,-14.0,0.0,0.0,0.69
3.11,-14.0,0.0,0.0,0.69
3.12,-14.0,0.0,0.0,0.68
3.13,-14.0,0.0,0.0,0.68
3.14,15.0,-1.0,-1.0,-0.13
3.15,-77.0,0.0,-0.0,0.71
3.16,-14.0,0.0,0.0,0.71
3.17,-14.0,0.0,0.0,0.7
3.18,-15.0,0.0,0.0,0.7
3.19,-15.0,0.0,0.0,0.69
3.2,15.0,-1.0,-1.0,-0.11
3.21,-78.0,0.0,-0.0,0.73
3.22,-15.0,0.0,0.0,0.72
3.23,-15.0,0.0,0.0,0.72
3.24,-15.0,0.0,0.0,0.71
3.25,-15.0,0.0,0.0,0.71
3.26,-15.0,0.0,0.0,0.7
3.27,-16.0,0.0,0.0,0.7
3.28,-16.0,0.0,0.0,0.69
3.29,16.0,-1.0,-1.0,-0.11
3.3,-79.0,0.0,-0.0,0.73
3.31,-16.0,0.0,0.0,0.72
3.32,-16.0,0.0,0.0,0.72
3.33,16.0,-1.0,-1.0,-0.09
3.34,-79.0,0.0,-0.0,0.76
3.35,16.0,-1.0,-1.0,-0.05
3.36,78.0,-1.0,-1.0,-0.0
3.37,-78.0,0.0,-0.0,0.84
3.38,-15.0,0.0,0.0,0.83
3.39,-15.0,0.0,0.0,0.82
3.4,-15.0,0.0,0.0,0.82
3.41,-15.0,0.0,0.0,0.81
3.42,-16.0,0.0,0.0,0.8
3.43,-16.0,0.0,0.0,0.8
3.44,-16.0,0.0,0.0,0.79
3.45,-16.0,0.0,0.0,0.78
3.46,-17.0,0.0,0.0,0.78
3.47,-17.0,0.0,0.0,0.77
3.48,-17.0,0.0,0.0,0.77
3.49,17.0,-1.0,-1.0,-0.04
3.5,-80.0,0.0,-0.0,0.8
3.51,-17.0,0.0,0.0,0.8
3.52,-17.0,0.0,0.0,0.79
3.53,-17.0,0.0,0.0,0.78
3.54,-18.0,0.0,0.0,0.78
3.55,-18.0,0.0,0.0,0.77
3.56,-18.0,0.0,0.0,0.77
3.57,-18.0,0.0,0.0,0.76
3.58,-19.0,0.0,0.0,0.75
3.59,-19.0,0.0,0.0,0.75
3.6,-19.0,0.0,0.0,0.74
3.61,-19.0,0.0,0.0,0.74
3.62,-19.0,0.0,0.0,0.73
3.63,20.0,-1.0,-1.0,-0.07
3.64,-82.0,0.0,-0.0,0.77
3.65,-19.0,0.0,0.0,0.76
3.66,-19.0,0.0,0.0,0.76
3.67,-20.0,0.0,0.0,0.75
3.68,-20.0,0.0,0.0,0.75
3.69,-20.0,0.0,0.0,0.74
3.7,-20.0,0.0,0.0,0.74
3.71,-20.0,0.0,0.0,0.73
3.72,-21.0,0.0,0.0,0.73
3.73,-21.0,0.0,0.0,0.72
3.74,-21.0,0.0,0.0,0.72
3.75,-21.0,0.0,0.0,0.71
3.76,-21.0,0.0,0.0,0.71
3.77,-22.0,0.0,0.0,0.7
3.78,-22.0,0.0,0.0,0.7
3.79,-22.0,0.0,0.0,0.69
3.8,-22.0,0.0,0.0,0.69
3.81,22.0,-1.0,-1.0,-0.12
3.82,-85.0,0.0,-0.0,0.73
3.83,-22.0,0.0,0.0,0.72
3.84,-22.0,0.0,0.0,0.72
3.85,-22.0,0.0,0.0,0.71
3.86,-22.0,0.0,0.0,0.71
3.87,-23.0,0.0,0.0,0.7
3.88,-23.0,0.0,0.0,0.7
3.89,-23.0,0.0,0.0,0.69
3.9,-23.0,0.0,0.0,0.69
3.91,-23.0,0.0,0.0,0.68
3.92,-23.0,0.0,0.0,0.68
3.93,-24.0,0.0,0.0,0.67
3.94,-24.0,0.0,0.0,0.67
3.95,-24.0,0.0,0.0,0.66
3.96,-24.0,0.0,0.0,0.66
3.97,-24.0,0.0,0.0,0.66
3.98,-24.0,0.0,0.0,0.65
3.99,-24.0,0.0,0.0,0.65
4.0,-25.0,0.0,0.0,0.64
4.01,-25.0,0.0,0.0,0.64
4.02,-25.0,0.0,0.0,0.64
4.03,-25.0,0.0,0.0,0.63
4.04,-25.0,0.0,0.0,0.63
4.05,-25.0,0.0,0.0,0.62
4.06,25.0,-1.0,-1.0,-0.18
4.07,-88.0,0.0,-0.0,0.67
4.08,-25.0,0.0,0.0,0.66
4.09,25.0,-1.0,-1.0,-0.14
4.1,88.0,-1.0,-1.0,-0.1
4.11,-87.0,0.0,-0.0,0.75
4.12,-24.0,0.0,0.0,0.74
4.13,24.0,-1.0,-1.0,-0.06
4.14,-87.0,0.0,-0.0,0.78
4.15,-24.0,0.0,0.0,0.78
4.16,-24.0,0.0,0.0,0.77
4.17,-24.0,0.0,0.0,0.77
4.18,-24.0,0.0,0.0,0.76
4.19,-24.0,0.0,0.0,0.76
4.2,-25.0,0.0,0.0,0.75
4.21,-25.0,0.0,0.0,0.75
4.22,-25.0,0.0,0.0,0.74
4.23,-25.0,0.0,0.0,0.74
4.24,-25.0,0.0,0.0,0.73
4.25,-26.0,0.0,0.0,0.73
4.26,26.0,-1.0,-1.0,-0.08
4.27,-88.0,0.0,-0.0,0.77
4.28,-25.0,0.0,0.0,0.76
4.29,-25.0,0.0,0.0,0.76
4.3,-26.0,0.0,0.0,0.75
4.31,-26.0,0.0,0.0,0.75
4.32,-26.0,0.0,0.0,0.74
4.33,-26.0,0.0,0.0,0.74
4.34,26.0,-1.0,-1.0,-0.07
4.35,89.0,-1.0,-1.0,-0.02
4.36,-88.0,0.0,-0.0,0.82
4.37,-25.0,0.0,0.0,0.81
4.38,-26.0,0.0,0.0,0.81
4.39,-26.0,0.0,0.0,0.8
4.4,26.0,-1.0,-1.0,-0.0
4.41,-89.0,0.0,-0.0,0.84
4.42,-26.0,0.0,0.0,0.84
4.43,-26.0,0.0,0.0,0.83
4.44,-26.0,0.0,0.0,0.82
4.45,26.0,-1.0,-1.0,0.02
4.46,-89.0,0.0,-0.0,0.86
4.47,26.0,-1.0,-1.0,0.06
4.48,-89.0,0.0,-0.0,0.9
4.49,-25.0,0.0,0.0,0.89
4.5,-26.0,0.0,0.0,0.89
4.51,-26.0,0.0,0.0,0.88
4.52,-26.0,0.0,0.0,0.87
4.53,-26.0,0.0,0.0,0.87
4.54,-27.0,0.0,0.0,0.86
4.55,-27.0,0.0,0.0,0.86
4.56,-27.0,0.0,0.0,0.85
4.57,-27.0,0.0,0.0,0.84
4.58,-27.0,0.0,0.0,0.84
4.59,-28.0,0.0,0.0,0.83
4.6,-28.0,0.0,0.0,0.83
4.61,-28.0,0.0,0.0,0.82
4.62,28.0,-1.0,-1.0,0.02
4.63,-91.0,0.0,-0.0,0.86
4.64,-28.0,0.0,0.0,0.85
4.65,28.0,-1.0,-1.0,0.05
4.66,91.0,-1.0,-1.0,0.09
4.67,-90.0,0.0,-0.0,0.94
4.68,-27.0,0.0,0.0,0.93
4.69,-27.0,0.0,0.0,0.92
4.7,-28.0,0.0,0.0,0.92
4.71,-28.0,0.0,0.0,0.91
4.72,-28.0,0.0,0.0,0.9
4.73,-28.0,0.0,0.0,0.9
4.74,-29.0,0.0,0.0,0.89
4.75,29.0,-1.0,-1.0,0.08
4.76,-92.0,0.0,-0.0,0.93
4.77,28.0,-1.0,-1.0,0.12
4.78,91.0,-1.0,-1.0,0.16
4.79,-91.0,0.0,-0.0,1.01
4.8,-27.0,0.0,0.0,1.0
4.81,-28.0,0.0,0.0,0.99
4.82,-28.0,0.0,0.0,0.98
4.83,-28.0,0.0,0.0,0.98
4.84,-29.0,0.0,0.0,0.97
4.85,-29.0,0.0,0.0,0.96
4.86,29.0,-1.0,-1.0,0.16
4.87,-92.0,0.0,-0.0,1.0
4.88,-29.0,0.0,0.0,0.99
4.89,-29.0,0.0,0.0,0.99
4.9,-29.0,0.0,0.0,0.98
4.91,-30.0,0.0,0.0,0.97
4.92,-30.0,0.0,0.0,0.96
4.93,-30.0,0.0,0.0,0.96
4.94,30.0,-1.0,-1.0,0.15
4.95,-93.0,0.0,-0.0,0.99
4.96,-30.0,0.0,0.0,0.99
4.97,-30.0,0.0,0.0,0.98
4.98,-30.0,0.0,0.0,0.97
4.99,-31.0,0.0,0.0,0.97
5.0,-31.0,0.0,0.0,0.96
5.01,-31.0,0.0,0.0,0.95
5.02,-31.0,0.0,0.0,0.95
5.03,-32.0,0.0,0.0,0.94
5.04,32.0,-1.0,-1.0,0.13
5.05,-95.0,0.0,-0.0,0.98
5.06,-32.0,0.0,0.0,0.97
5.07,32.0,-1.0,-1.0,0.16
5.08,-95.0,0.0,-0.0,1.01
5.09,-31.0,0.0,0.0,1.0
5.1,-32.0,0.0,0.0,0.99
5.11,32.0,-1.0,-1.0,0.19
5.12,-95.0,0.0,-0.0,1.03
5.13,-32.0,0.0,0.0,1.02
5.14,-32.0,0.0,0.0,1.01
5.15,32.0,-1.0,-1.0,0.21
5.16,95.0,-1.0,-1.0,0.25
5.17,94.0,-1.0,-1.0,0.29
5.18,94.0,-1.0,-1.0,0.33
5.19,93.0,-2.0,-2.0,-0.42
5.2,155.0,-2.0,-2.0,-0.33
5.21,154.0,-3.0,-3.0,-1.04
5.22,215.0,-4.0,-4.0,-1.71
5.23,276.0,-5.0,-5.0,-2.32
5.24,336.0,-6.0,-6.0,-2.89
5.25,395.0,-7.0,-7.0,-3.41
5.26,453.0,-9.0,-9.0,-4.68
5.27,573.0,-10.0,-10.0,-5.06
5.28,629.0,-12.0,-12.0,-6.2
5.29,747.0,-15.0,-15.0,-8.04
5.3,927.0,-17.0,-17.0,-8.94
5.31,1041.0,-19.0,-19.0,-9.74
5.32,1154.0,-22.0,-22.0,-11.26
5.33,1328.0,-24.0,-24.0,-11.84
5.34,1438.0,-27.0,-27.0,-13.14
5.35,1609.0,-29.0,-29.0,-13.5
5.36,1716.0,-31.0,-31.0,-13.77
5.37,1821.0,-34.0,-34.0,-14.76
5.38,1988.0,-36.0,-36.0,-14.82
5.39,2091.0,-38.0,-38.0,-14.8
5.4,2193.0,-41.0,-41.0,-15.5
5.41,2356.0,-43.0,-43.0,-15.27
5.42,2455.0,-45.0,-45.0,-14.96
5.43,2553.0,-47.0,-47.0,-14.57
5.44,2650.0,-50.0,-50.0,-14.91
5.45,2810.0,-52.0,-52.0,-14.33
5.46,2904.0,-54.0,-54.0,-13.67
5.47,2999.0,-56.0,-56.0,-12.94
5.48,3092.0,-58.0,-58.0,-12.14
5.49,3185.0,-60.0,-60.0,-11.26
5.5,3278.0,-62.0,-62.0,-10.32
5.51,3370.0,-63.0,-63.0,-8.5
5.52,3341.0,-65.0,-65.0,-7.48
5.53,3368.0,-67.0,-67.0,-6.39
5.54,3393.0,-69.0,-69.0,-5.23
5.55,3415.0,-71.0,-71.0,-4.02
5.56,3435.0,-72.0,-72.0,-1.95
5.57,3392.0,-74.0,-74.0,-0.67
5.58,3409.0,-75.0,-75.0,1.47
5.59,3363.0,-77.0,-77.0,2.81
5.6,3378.0,-79.0,-79.0,4.22
5.61,3392.0,-80.0,-80.0,6.48
5.62,3341.0,-81.0,-81.0,8.75
5.63,3290.0,-83.0,-83.0,10.22
5.64,3301.0,-84.0,-84.0,12.56
5.65,3248.0,-85.0,-85.0,14.89
5.66,3194.0,-87.0,-87.0,16.44
5.67,3202.0,-88.0,-88.0,18.83
5.68,3147.0,-89.0,-89.0,21.24
5.69,3091.0,-90.0,-90.0,23.64
5.7,3035.0,-91.0,-91.0,26.05
5.71,2979.0,-92.0,-92.0,28.47
5.72,2923.0,-93.0,-93.0,30.89
5.73,2866.0,-94.0,-94.0,33.32
5.74,2810.0,-95.0,-95.0,35.75
5.75,2753.0,-96.0,-96.0,38.18
5.76,2696.0,-97.0,-97.0,40.62
5.77,2639.0,-98.0,-98.0,43.06
5.78,2582.0,-99.0,-99.0,45.51
5.79,2524.0,-100.0,-100.0,47.96
5.8,2467.0,-100.0,-100.0,51.22
5.81,2348.0,-101.0,-101.0,53.63
5.82,2292.0,-102.0,-102.0,56.04
5.83,2235.0,-102.0,-102.0,59.26
5.84,2117.0,-103.0,-103.0,61.64
5.85,2063.0,-103.0,-103.0,64.82
5.86,1946.0,-104.0,-104.0,67.15
5.87,1893.0,-104.0,-104.0,70.29
5.88,1778.0,-105.0,-105.0,72.59
5.89,1726.0,-105.0,-105.0,75.69
5.9,1612.0,-106.0,-106.0,77.95
5.91,1562.0,-106.0,-106.0,81.02
5.92,1449.0,-106.0,-106.0,84.05
5.93,1339.0,-107.0,-107.0,86.23
5.94,1291.0,-107.0,-107.0,89.22
5.95,1181.0,-107.0,-107.0,92.17
5.96,1073.0,-108.0,-108.0,94.28
5.97,1028.0,-108.0,-108.0,97.19
5.98,921.0,-108.0,-108.0,100.07
5.99,816.0,-108.0,-108.0,102.91
6.0,712.0,-108.0,-108.0,105.7
6.01,610.0,-108.0,-108.0,108.46
6.02,509.0,-108.0,-108.0,111.18
6.03,409.0,-108.0,-108.0,113.86
6.04,311.0,-108.0,-108.0,116.5
6.05,214.0,-108.0,-108.0,119.11
6.06,119.0,-108.0,-108.0,121.68
6.07,24.0,-108.0,-108.0,124.22
6.08,-67.0,-108.0,-108.0,126.72
6.09,-159.0,-108.0,-108.0,129.18
6.1,-249.0,-108.0,-108.0,131.61
6.11,-338.0,-108.0,-108.0,134.01
6.12,-426.0,-108.0,-108.0,136.38
6.13,-513.0,-107.0,-107.0,139.51
6.14,-660.0,-107.0,-107.0,141.76
6.15,-742.0,-107.0,-107.0,143.97
6.16,-823.0,-107.0,-107.0,146.16
6.17,-904.0,-106.0,-106.0,149.12
6.18,-1044.0,-106.0,-106.0,151.19
6.19,-1120.0,-106.0,-106.0,153.24
6.2,-1195.0,-105.0,-105.0,156.06
6.21,-1331.0,-105.0,-105.0,158.0
6.22,-1402.0,-105.0,-105.0,159.92
6.23,-1472.0,-104.0,-104.0,162.61
6.24,-1603.0,-104.0,-104.0,164.42
6.25,-1669.0,-103.0,-103.0,167.01
6.26,-1796.0,-103.0,-103.0,168.72
6.27,-1859.0,-103.0,-103.0,170.41
6.28,-1921.0,-102.0,-102.0,172.88
6.29,-2044.0,-102.0,-102.0,174.47
6.3,-2102.0,-101.0,-101.0,176.84
6.31,-2221.0,-101.0,-101.0,178.35
6.32,-2276.0,-100.0,-100.0,180.62
6.33,-2392.0,-100.0,-100.0,182.03
6.34,-2444.0,-99.0,-99.0,184.22
6.35,-2556.0,-99.0,-99.0,185.55
6.36,-2604.0,-98.0,-98.0,187.65
6.37,-2714.0,-98.0,-98.0,188.88
6.38,-2759.0,-97.0,-97.0,190.9
6.39,-2865.0,-96.0,-96.0,192.85
6.4,-2969.0,-96.0,-96.0,193.94
6.41,-3009.0,-95.0,-95.0,195.81
6.42,-3110.0,-95.0,-95.0,196.82
6.43,-3146.0,-94.0,-94.0,198.61
6.44,-3244.0,-93.0,-93.0,200.34
6.45,-3340.0,-93.0,-93.0,201.21
6.46,-3372.0,-92.0,-92.0,202.87
6.47,-3465.0,-92.0,-92.0,203.66
6.48,-3494.0,-91.0,-91.0,205.24
6.49,-3584.0,-90.0,-90.0,206.77
6.5,-3672.0,-90.0,-90.0,207.43
6.51,-3697.0,-89.0,-89.0,208.89
6.52,-3782.0,-88.0,-88.0,210.28
6.53,-3865.0,-88.0,-88.0,210.82
6.54,-3885.0,-87.0,-87.0,212.15
6.55,-3966.0,-86.0,-86.0,213.43
6.56,-4045.0,-86.0,-86.0,213.84
6.57,-4060.0,-85.0,-85.0,215.06
6.58,-4095.0,-84.0,-84.0,216.22
6.59,-4095.0,-84.0,-84.0,216.53
6.6,-4095.0,-83.0,-83.0,217.64
6.61,-4095.0,-82.0,-82.0,218.71
6.62,-4095.0,-82.0,-82.0,218.93
6.63,-4095.0,-81.0,-81.0,219.95
6.64,-4095.0,-80.0,-80.0,220.92
6.65,-4095.0,-80.0,-80.0,221.05
6.66,-4095.0,-79.0,-79.0,221.97
6.67,-4095.0,-79.0,-79.0,222.05
6.68,-4095.0,-78.0,-78.0,222.94
6.69,-4095.0,-77.0,-77.0,223.77
6.7,-4095.0,-77.0,-77.0,223.77
6.71,-4095.0,-76.0,-76.0,224.56
6.72,-4095.0,-75.0,-75.0,225.31
6.73,-4095.0,-75.0,-75.0,225.22
6.74,-4095.0,-74.0,-74.0,225.93
6.75,-4095.0,-73.0,-73.0,226.59
6.76,-4095.0,-73.0,-73.0,226.42
6.77,-4095.0,-72.0,-72.0,227.05
6.78,-4095.0,-72.0,-72.0,226.83
6.79,-4095.0,-71.0,-71.0,227.42
6.8,-4095.0,-70.0,-70.0,227.97
6.81,-4095.0,-70.0,-70.0,227.67
6.82,-4095.0,-69.0,-69.0,228.18
6.83,-4095.0,-68.0,-68.0,228.65
6.84,-4095.0,-68.0,-68.0,228.28
6.85,-4095.0,-67.0,-67.0,228.71
6.86,-4095.0,-66.0,-66.0,229.11
6.87,-4095.0,-66.0,-66.0,228.66
6.88,-4095.0,-65.0,-65.0,229.02
6.89,-4095.0,-65.0,-65.0,228.54
6.9,-4095.0,-64.0,-64.0,228.87
6.91,-4095.0,-63.0,-63.0,229.16
6.92,-4095.0,-63.0,-63.0,228.61
6.93,-4095.0,-62.0,-62.0,228.86
6.94,-4095.0,-62.0,-62.0,228.28
6.95,-4095.0,-61.0,-61.0,228.5
6.96,-4095.0,-60.0,-60.0,228.69
6.97,-4095.0,-60.0,-60.0,228.04
6.98,-4095.0,-59.0,-59.0,228.19
6.99,-4095.0,-59.0,-59.0,227.51
7.0,-4095.0,-58.0,-58.0,227.64
7.01,-4095.0,-57.0,-57.0,227.73
7.02,-4095.0,-57.0,-57.0,226.99
7.03,-4095.0,-56.0,-56.0,227.05
7.04,-4095.0,-55.0,-55.0,227.07
7.05,-4095.0,-55.0,-55.0,226.27
7.06,-4095.0,-54.0,-54.0,226.27
7.07,-4095.0,-54.0,-54.0,225.43
7.08,-4095.0,-53.0,-53.0,225.4
7.09,-4095.0,-53.0,-53.0,224.54
7.1,-4095.0,-52.0,-52.0,224.49
7.11,-4095.0,-51.0,-51.0,224.4
7.12,-4095.0,-51.0,-51.0,223.48
7.13,-4095.0,-50.0,-50.0,223.37
7.14,-4095.0,-50.0,-50.0,222.42
7.15,-4095.0,-49.0,-49.0,222.29
7.16,-4095.0,-49.0,-49.0,221.32
7.17,-4095.0,-48.0,-48.0,221.16
7.18,-4095.0,-47.0,-47.0,220.97
7.19,-4095.0,-47.0,-47.0,219.94
7.2,-4095.0,-46.0,-46.0,219.73
7.21,-4095.0,-46.0,-46.0,218.68
7.22,-4095.0,-45.0,-45.0,218.44
7.23,-4095.0,-45.0,-45.0,217.37
7.24,-4095.0,-44.0,-44.0,217.11
7.25,-4095.0,-44.0,-44.0,216.02
7.26,-4095.0,-43.0,-43.0,215.74
7.27,-4095.0,-43.0,-43.0,214.63
7.28,-4095.0,-42.0,-42.0,214.33
7.29,-4095.0,-42.0,-42.0,213.19
7.3,-4095.0,-41.0,-41.0,212.87
7.31,-4095.0,-41.0,-41.0,211.72
7.32,-4095.0,-40.0,-40.0,211.38
7.33,-4095.0,-40.0,-40.0,210.21
7.34,-4095.0,-39.0,-39.0,209.85
7.35,-4095.0,-39.0,-39.0,208.65
7.36,-4095.0,-38.0,-38.0,208.27
7.37,-4095.0,-38.0,-38.0,207.06
7.38,-4095.0,-37.0,-37.0,206.67
7.39,-4095.0,-37.0,-37.0,205.44
7.4,-4095.0,-36.0,-36.0,205.02
7.41,-4095.0,-36.0,-36.0,203.77
7.42,-4095.0,-35.0,-35.0,203.34
7.43,-4095.0,-35.0,-35.0,202.07
7.44,-4095.0,-34.0,-34.0,201.62
7.45,-4095.0,-34.0,-34.0,200.34
7.46,-4095.0,-34.0,-34.0,199.07
7.47,-4095.0,-33.0,-33.0,198.61
7.48,-4095.0,-33.0,-33.0,197.32
7.49,-4095.0,-32.0,-32.0,196.85
7.5,-4095.0,-32.0,-32.0,195.55
7.51,-4095.0,-32.0,-32.0,194.25
7.52,-4095.0,-31.0,-31.0,193.78
7.53,-4095.0,-31.0,-31.0,192.47
7.54,-4095.0,-30.0,-30.0,191.97
7.55,-4095.0,-30.0,-30.0,190.65
7.56,-4095.0,-30.0,-30.0,189.34
7.57,-4095.0,-29.0,-29.0,188.84
7.58,-4095.0,-29.0,-29.0,187.52
7.59,-4095.0,-29.0,-29.0,186.2
7.6,-4095.0,-28.0,-28.0,185.7
7.61,-4095.0,-28.0,-28.0,184.37
7.62,-4095.0,-28.0,-28.0,183.06
7.63,-4095.0,-27.0,-27.0,182.55
7.64,-4095.0,-27.0,-27.0,181.22
7.65,-4095.0,-27.0,-27.0,179.9
7.66,-4095.0,-26.0,-26.0,179.39
7.67,-4095.0,-26.0,-26.0,178.06
7.68,-4095.0,-26.0,-26.0,176.74
7.69,-4095.0,-25.0,-25.0,176.23
7.7,-4095.0,-25.0,-25.0,174.89
7.71,-4095.0,-25.0,-25.0,173.56
7.72,-4095.0,-25.0,-25.0,172.25
7.73,-4095.0,-24.0,-24.0,171.76
7.74,-4095.0,-24.0,-24.0,170.43
7.75,-4095.0,-24.0,-24.0,169.11
7.76,-4095.0,-24.0,-24.0,167.81
7.77,-4095.0,-23.0,-23.0,167.33
7.78,-4095.0,-23.0,-23.0,166.01
7.79,-4095.0,-23.0,-23.0,164.7
7.8,-4095.0,-23.0,-23.0,163.41
7.81,-4095.0,-22.0,-22.0,162.94
7.82,-4095.0,-22.0,-22.0,161.63
7.83,-4095.0,-22.0,-22.0,160.33
7.84,-4095.0,-22.0,-22.0,159.05
7.85,-4095.0,-22.0,-22.0,157.78
7.86,-4072.0,-21.0,-21.0,157.33
7.87,-4088.0,-21.0,-21.0,156.05
7.88,-4041.0,-21.0,-21.0,154.78
7.89,-3994.0,-21.0,-21.0,153.53
7.9,-3948.0,-21.0,-21.0,152.3
7.91,-3903.0,-21.0,-21.0,151.08
7.92,-3859.0,-21.0,-21.0,149.89
7.93,-3815.0,-20.0,-20.0,149.5
7.94,-3833.0,-20.0,-20.0,148.29
7.95,-3789.0,-20.0,-20.0,147.09
7.96,-3745.0,-20.0,-20.0,145.91
7.97,-3702.0,-20.0,-20.0,144.75
7.98,-3659.0,-20.0,-20.0,143.6
7.99,-3617.0,-20.0,-20.0,142.47
8.0,-3575.0,-20.0,-20.0,141.35
8.01,-3535.0,-19.0,-19.0,141.05
8.02,-3556.0,-19.0,-19.0,139.92
8.03,-3514.0,-19.0,-19.0,138.8
8.04,-3473.0,-19.0,-19.0,137.69
8.05,-3433.0,-19.0,-19.0,136.61
8.06,-3393.0,-19.0,-19.0,135.53
8.07,-3354.0,-19.0,-19.0,134.48
8.08,-3315.0,-19.0,-19.0,133.43
8.09,-3277.0,-19.0,-19.0,132.4
8.1,-3239.0,-19.0,-19.0,131.39
8.11,-3202.0,-18.0,-18.0,131.19
8.12,-3227.0,-18.0,-18.0,130.15
8.13,-3189.0,-18.0,-18.0,129.13
8.14,-3151.0,-18.0,-18.0,128.12
8.15,-3115.0,-18.0,-18.0,127.13
8.16,-3078.0,-18.0,-18.0,126.15
8.17,-3042.0,-18.0,-18.0,125.19
8.18,-3007.0,-18.0,-18.0,124.23
8.19,-2972.0,-18.0,-18.0,123.29
8.2,-2938.0,-18.0,-18.0,122.37
8.21,-2904.0,-18.0,-18.0,121.46
8.22,-2870.0,-18.0,-18.0,120.56
8.23,-2837.0,-18.0,-18.0,119.67
8.24,-2805.0,-18.0,-18.0,118.79
8.25,-2773.0,-18.0,-18.0,117.93
8.26,-2741.0,-17.0,-17.0,117.88
8.27,-2771.0,-17.0,-17.0,116.99
8.28,-2739.0,-17.0,-17.0,116.11
8.29,-2707.0,-17.0,-17.0,115.25
8.3,-2675.0,-17.0,-17.0,114.4
8.31,-2644.0,-17.0,-17.0,113.56
8.32,-2613.0,-17.0,-17.0,112.73
8.33,-2583.0,-17.0,-17.0,111.91
8.34,-2553.0,-17.0,-17.0,111.1
8.35,-2523.0,-17.0,-17.0,110.31
8.36,-2494.0,-17.0,-17.0,109.53
8.37,-2465.0,-17.0,-17.0,108.75
8.38,-2437.0,-17.0,-17.0,107.99
8.39,-2409.0,-17.0,-17.0,107.24
8.4,-2382.0,-17.0,-17.0,106.5
8.41,-2355.0,-17.0,-17.0,105.77
8.42,-2328.0,-17.0,-17.0,105.05
8.43,-2301.0,-17.0,-17.0,104.34
8.44,-2275.0,-17.0,-17.0,103.64
8.45,-2250.0,-17.0,-17.0,102.95
8.46,-2224.0,-16.0,-16.0,103.07
8.47,-2261.0,-16.0,-16.0,102.34
8.48,-2235.0,-16.0,-16.0,101.63
8.49,-2209.0,-16.0,-16.0,100.93
8.5,-2183.0,-16.0,-16.0,100.24
8.51,-2158.0,-16.0,-16.0,99.56
8.52,-2133.0,-16.0,-16.0,98.89
8.53,-2108.0,-16.0,-16.0,98.22
8.54,-2084.0,-16.0,-16.0,97.57
8.55,-2060.0,-16.0,-16.0,96.93
8.56,-2036.0,-16.0,-16.0,96.29
8.57,-2013.0,-16.0,-16.0,95.66
8.58,-1990.0,-16.0,-16.0,95.05
8.59,-1967.0,-16.0,-16.0,94.44
8.6,-1945.0,-16.0,-16.0,93.84
8.61,-1923.0,-16.0,-16.0,93.24
8.62,-1901.0,-16.0,-16.0,92.66
8.63,-1880.0,-16.0,-16.0,92.08
8.64,-1859.0,-15.0,-15.0,92.31
8.65,-1900.0,-15.0,-15.0,91.7
8.66,-1877.0,-38.0,-38.0,72.71
8.67,-439.0,-15.0,-15.0,91.65
8.68,-1875.0,-15.0,-15.0,91.05
8.69,-1853.0,-15.0,-15.0,90.45
8.7,-1831.0,-15.0,-15.0,89.87
8.71,-1810.0,-15.0,-15.0,89.29
8.72,-1789.0,-15.0,-15.0,88.73
8.73,-1768.0,-15.0,-15.0,88.17
8.74,-1748.0,-15.0,-15.0,87.61
8.75,-1727.0,-15.0,-15.0,87.07
8.76,-1707.0,-15.0,-15.0,86.53
8.77,-1688.0,-15.0,-15.0,86.0
8.78,-1668.0,-15.0,-15.0,85.48
8.79,-1649.0,-15.0,-15.0,84.97
8.8,-1630.0,-14.0,-14.0,85.26
8.81,-1673.0,-14.0,-14.0,84.71
8.82,-1653.0,-14.0,-14.0,84.17
8.83,-1633.0,-14.0,-14.0,83.63
8.84,-1614.0,-14.0,-14.0,83.11
8.85,-1595.0,-14.0,-14.0,82.59
8.86,-1575.0,-14.0,-14.0,82.07
8.87,-1557.0,-14.0,-14.0,81.57
8.88,-1538.0,-14.0,-14.0,81.07
8.89,-1520.0,-14.0,-14.0,80.58
8.9,-1502.0,-14.0,-14.0,80.1
8.91,-1484.0,-14.0,-14.0,79.62
8.92,-1467.0,-13.0,-13.0,79.95
8.93,-1511.0,-13.0,-13.0,79.43
8.94,-1492.0,-13.0,-13.0,78.93
8.95,-1474.0,-13.0,-13.0,78.43
8.96,-1455.0,-13.0,-13.0,77.93
8.97,-1437.0,-13.0,-13.0,77.45
8.98,-1419.0,-13.0,-13.0,76.97
8.99,-1402.0,-13.0,-13.0,76.49
9.0,-1385.0,-13.0,-13.0,76.03
9.01,-1368.0,-13.0,-13.0,75.57
9.02,-1351.0,-13.0,-13.0,75.12
9.03,-1334.0,-12.0,-12.0,75.47
9.04,-1379.0,-12.0,-12.0,74.98
9.05,-1361.0,-12.0,-12.0,74.5
9.06,-1344.0,-12.0,-12.0,74.02
9.07,-1326.0,-12.0,-12.0,73.55
9.08,-1309.0,-12.0,-12.0,73.09
9.09,-1292.0,-12.0,-12.0,72.63
9.1,-1275.0,-12.0,-12.0,72.18
9.11,-1259.0,-12.0,-12.0,71.74
9.12,-1242.0,-11.0,-11.0,72.1
9.13,-1288.0,-11.0,-11.0,71.62
9.14,-1270.0,-11.0,-11.0,71.14
9.15,-1253.0,-11.0,-11.0,70.67
9.16,-1236.0,-11.0,-11.0,70.21
9.17,-1219.0,-11.0,-11.0,69.76
9.18,-1202.0,-11.0,-11.0,69.31
9.19,-1186.0,-10.0,-10.0,69.67
9.2,-1231.0,-10.0,-10.0,69.18
9.21,-1213.0,-10.0,-10.0,68.7
9.22,-1196.0,-10.0,-10.0,68.23
9.23,-1179.0,-10.0,-10.0,67.76
9.24,-1162.0,-10.0,-10.0,67.3
9.25,-1145.0,-10.0,-10.0,66.85
9.26,-1128.0,-10.0,-10.0,66.41
9.27,-1112.0,-10.0,-10.0,65.96
9.28,-1096.0,-9.0,-9.0,66.33
9.29,-1141.0,-9.0,-9.0,65.85
9.3,-1124.0,-9.0,-9.0,65.38
9.31,-1107.0,-9.0,-9.0,64.92
9.32,-1090.0,-9.0,-9.0,64.46
9.33,-1073.0,-9.0,-9.0,64.01
9.34,-1056.0,-9.0,-9.0,63.56
9.35,-1040.0,-8.0,-8.0,63.92
9.36,-1085.0,-8.0,-8.0,63.44
9.37,-1068.0,-8.0,-8.0,62.97
9.38,-1050.0,-8.0,-8.0,62.5
9.39,-1033.0,-8.0,-8.0,62.04
9.4,-1016.0,-8.0,-8.0,61.58
9.41,-1000.0,-8.0,-8.0,61.13
9.42,-983.0,-8.0,-8.0,60.69
9.43,-967.0,-7.0,-7.0,61.05
9.44,-1012.0,-7.0,-7.0,60.57
9.45,-995.0,-7.0,-7.0,60.1
9.46,-977.0,-7.0,-7.0,59.63
9.47,-960.0,-7.0,-7.0,59.17
9.48,-943.0,-7.0,-7.0,58.71
9.49,-927.0,-7.0,-7.0,58.27
9.5,-910.0,-6.0,-6.0,58.62
9.51,-956.0,-6.0,-6.0,58.14
9.52,-938.0,-6.0,-6.0,57.66
9.53,-921.0,-6.0,-6.0,57.19
9.54,-903.0,-6.0,-6.0,56.72
9.55,-886.0,-6.0,-6.0,56.27
9.56,-869.0,-6.0,-6.0,55.81
9.57,-853.0,-6.0,-6.0,55.37
9.58,-837.0,-5.0,-5.0,55.73
9.59,-882.0,-5.0,-5.0,55.25
9.6,-864.0,-5.0,-5.0,54.77
9.61,-847.0,-5.0,-5.0,54.3
9.62,-830.0,-5.0,-5.0,53.84
9.63,-813.0,-5.0,-5.0,53.38
9.64,-796.0,-5.0,-5.0,52.93
9.65,-780.0,-4.0,-4.0,53.29
9.66,-825.0,-4.0,-4.0,52.8
9.67,-807.0,-4.0,-4.0,52.32
9.68,-789.0,-4.0,-4.0,51.85
9.69,-772.0,-4.0,-4.0,51.38
9.7,-755.0,-4.0,-4.0,50.92
9.71,-738.0,-4.0,-4.0,50.46
9.72,-721.0,-3.0,-3.0,50.82
9.73,-767.0,-3.0,-3.0,50.33
9.74,-749.0,-3.0,-3.0,49.84
9.75,-731.0,-3.0,-3.0,49.36
9.76,-713.0,-3.0,-3.0,48.89
9.77,-696.0,-3.0,-3.0,48.43
9.78,-679.0,-3.0,-3.0,47.97
9.79,-662.0,-3.0,-3.0,47.52
9.8,-646.0,-2.0,-2.0,47.87
9.81,-691.0,-2.0,-2.0,47.39
9.82,-673.0,-2.0,-2.0,46.91
9.83,-656.0,-2.0,-2.0,46.43
9.84,-638.0,-2.0,-2.0,45.96
9.85,-621.0,-2.0,-2.0,45.5
9.86,-604.0,-2.0,-2.0,45.05
9.87,-587.0,-2.0,-2.0,44.6
9.88,-571.0,-2.0,-2.0,44.15
9.89,-555.0,-2.0,-2.0,43.72
9.9,-539.0,-1.0,-1.0,44.09
9.91,-585.0,-1.0,-1.0,43.61
9.92,-567.0,-1.0,-1.0,43.15
9.93,-550.0,-1.0,-1.0,42.69
9.94,-533.0,-1.0,-1.0,42.23
9.95,-517.0,-1.0,-1.0,41.78
9.96,-500.0,-1.0,-1.0,41.34
9.97,-484.0,0.0,-0.0,41.71
9.98,-530.0,0.0,0.0,41.23
9.99,-512.0,-1.0,-1.0,39.96
10.0,-433.0,0.0,-0.0,40.34
10.01,-480.0,0.0,0.0,39.88
10.02,-463.0,0.0,0.0,39.43
10.03,-446.0,0.0,0.0,38.98
10.04,-430.0,0.0,0.0,38.54
10.05,-414.0,0.0,0.0,38.1
10.06,-398.0,0.0,0.0,37.68
10.07,-382.0,0.0,0.0,37.25
10.08,-367.0,1.0,1.0,37.64
10.09,-414.0,1.0,1.0,37.17
10.1,-398.0,1.0,1.0,36.72
10.11,-382.0,1.0,1.0,36.27
10.12,-367.0,1.0,1.0,35.83
10.13,-352.0,1.0,1.0,35.4
10.14,-337.0,1.0,1.0,34.97
10.15,-322.0,1.0,1.0,34.54
10.16,-307.0,1.0,1.0,34.12
10.17,-293.0,1.0,1.0,33.71
10.18,-279.0,2.0,2.0,34.1
10.19,-328.0,1.0,1.0,32.85
10.2,-251.0,1.0,1.0,32.46
10.21,-237.0,2.0,2.0,32.87
10.22,-286.0,2.0,2.0,32.43
10.23,-273.0,2.0,2.0,32.01
10.24,-259.0,2.0,2.0,31.58
10.25,-245.0,2.0,2.0,31.17
10.26,-232.0,2.0,2.0,30.76
10.27,-219.0,2.0,2.0,30.35
10.28,-206.0,2.0,2.0,29.95
10.29,-194.0,2.0,2.0,29.56
10.3,-181.0,2.0,2.0,29.17
10.31,-169.0,2.0,2.0,28.78
10.32,-157.0,2.0,2.0,28.4
10.33,-145.0,2.0,2.0,28.03
10.34,-133.0,3.0,3.0,28.46
10.35,-184.0,3.0,3.0,28.05
10.36,-172.0,3.0,3.0,27.64
10.37,-160.0,3.0,3.0,27.24
10.38,-148.0,3.0,3.0,26.84
10.39,-137.0,3.0,3.0,26.45
10.4,-125.0,3.0,3.0,26.06
10.41,-114.0,3.0,3.0,25.68
10.42,-103.0,3.0,3.0,25.3
10.43,-92.0,3.0,3.0,24.93
10.44,-82.0,3.0,3.0,24.56
10.45,-71.0,3.0,3.0,24.2
10.46,-61.0,3.0,3.0,23.84
10.47,-51.0,3.0,3.0,23.49
10.48,-41.0,3.0,3.0,23.14
10.49,-31.0,3.0,3.0,22.8
10.5,-22.0,3.0,3.0,22.46
10.51,-12.0,3.0,3.0,22.12
10.52,-3.0,3.0,3.0,21.79
10.53,5.0,3.0,3.0,21.47
10.54,14.0,3.0,3.0,21.14
10.55,23.0,3.0,3.0,20.83
10.56,32.0,3.0,3.0,20.51
10.57,40.0,3.0,3.0,20.2
10.58,49.0,3.0,3.0,19.9
10.59,57.0,3.0,3.0,19.6
10.6,65.0,3.0,3.0,19.3
10.61,73.0,3.0,3.0,19.0
10.62,80.0,3.0,3.0,18.71
10.63,88.0,3.0,3.0,18.43
10.64,96.0,3.0,3.0,18.14
10.65,103.0,3.0,3.0,17.87
10.66,110.0,3.0,3.0,17.59
10.67,117.0,3.0,3.0,17.32
10.68,124.0,3.0,3.0,17.05
10.69,131.0,3.0,3.0,16.78
10.7,138.0,3.0,3.0,16.52
10.71,144.0,3.0,3.0,16.26
10.72,151.0,3.0,3.0,16.01
10.73,157.0,3.0,3.0,15.76
10.74,163.0,3.0,3.0,15.51
10.75,170.0,3.0,3.0,15.26
10.76,176.0,3.0,3.0,15.02
10.77,181.0,3.0,3.0,14.78
10.78,187.0,3.0,3.0,14.54
10.79,193.0,3.0,3.0,14.31
10.8,198.0,3.0,3.0,14.08
10.81,204.0,3.0,3.0,13.85
10.82,209.0,3.0,3.0,13.63
10.83,214.0,3.0,3.0,13.41
10.84,220.0,3.0,3.0,13.19
10.85,225.0,3.0,3.0,12.97
10.86,230.0,3.0,3.0,12.76
10.87,234.0,3.0,3.0,12.55
10.88,239.0,3.0,3.0,12.34
10.89,244.0,3.0,3.0,12.13
10.9,248.0,3.0,3.0,11.93
10.91,253.0,3.0,3.0,11.73
10.92,257.0,3.0,3.0,11.53
10.93,261.0,3.0,3.0,11.34
10.94,266.0,3.0,3.0,11.14
10.95,270.0,3.0,3.0,10.95
10.96,274.0,3.0,3.0,10.76
10.97,278.0,3.0,3.0,10.58
10.98,281.0,3.0,3.0,10.39
10.99,285.0,3.0,3.0,10.21
11.0,289.0,3.0,3.0,10.03
11.01,292.0,3.0,3.0,9.86
11.02,296.0,2.0,2.0,8.88
11.03,362.0,2.0,2.0,8.76
11.04,364.0,2.0,2.0,8.64
11.05,367.0,2.0,2.0,8.51
11.06,369.0,2.0,2.0,8.4
11.07,372.0,2.0,2.0,8.28
11.08,374.0,2.0,2.0,8.16
11.09,376.0,2.0,2.0,8.05
11.1,378.0,2.0,2.0,7.93
11.11,381.0,2.0,2.0,7.82
11.12,383.0,2.0,2.0,7.71
11.13,385.0,2.0,2.0,7.6
11.14,387.0,2.0,2.0,7.49
11.15,389.0,2.0,2.0,7.39
11.16,391.0,2.0,2.0,7.28
11.17,392.0,2.0,2.0,7.18
11.18,394.0,2.0,2.0,7.08
11.19,396.0,2.0,2.0,6.97
11.2,398.0,2.0,2.0,6.87
11.21,399.0,2.0,2.0,6.77
11.22,401.0,2.0,2.0,6.68
11.23,403.0,2.0,2.0,6.58
11.24,404.0,2.0,2.0,6.48
11.25,406.0,2.0,2.0,6.39
11.26,407.0,2.0,2.0,6.3
11.27,409.0,2.0,2.0,6.2
11.28,410.0,2.0,2.0,6.11
11.29,411.0,2.0,2.0,6.02
11.3,413.0,2.0,2.0,5.93
11.31,414.0,2.0,2.0,5.84
11.32,415.0,2.0,2.0,5.76
11.33,416.0,2.0,2.0,5.67
11.34,418.0,2.0,2.0,5.59
11.35,419.0,2.0,2.0,5.5
11.36,420.0,2.0,2.0,5.42
11.37,421.0,2.0,2.0,5.34
11.38,422.0,2.0,2.0,5.25
11.39,423.0,2.0,2.0,5.17
11.4,424.0,2.0,2.0,5.09
11.41,425.0,2.0,2.0,5.02
11.42,426.0,2.0,2.0,4.94
11.43,426.0,2.0,2.0,4.86
11.44,427.0,2.0,2.0,4.79
11.45,428.0,2.0,2.0,4.71
11.46,429.0,2.0,2.0,4.64
11.47,430.0,2.0,2.0,4.56
11.48,430.0,2.0,2.0,4.49
11.49,431.0,2.0,2.0,4.42
11.5,432.0,2.0,2.0,4.35
11.51,432.0,2.0,2.0,4.28
11.52,433.0,2.0,2.0,4.21
11.53,433.0,2.0,2.0,4.14
11.54,434.0,2.0,2.0,4.07
11.55,434.0,2.0,2.0,4.0
11.56,435.0,2.0,2.0,3.94
11.57,435.0,2.0,2.0,3.87
11.58,436.0,2.0,2.0,3.81
11.59,436.0,2.0,2.0,3.74
11.6,436.0,2.0,2.0,3.68
11.61,437.0,2.0,2.0,3.62
11.62,437.0,2.0,2.0,3.55
11.63,437.0,2.0,2.0,3.49
11.64,438.0,2.0,2.0,3.43
11.65,438.0,2.0,2.0,3.37
11.66,438.0,2.0,2.0,3.31
11.67,438.0,2.0,2.0,3.25
11.68,438.0,2.0,2.0,3.19
11.69,438.0,2.0,2.0,3.14
11.7,439.0,2.0,2.0,3.08
11.71,439.0,2.0,2.0,3.02
11.72,439.0,2.0,2.0,2.97
11.73,439.0,2.0,2.0,2.91
11.74,439.0,2.0,2.0,2.86
11.75,439.0,2.0,2.0,2.8
11.76,439.0,2.0,2.0,2.75
11.77,439.0,2.0,2.0,2.7
11.78,439.0,2.0,2.0,2.64
11.79,439.0,2.0,2.0,2.59
11.8,439.0,3.0,3.0,3.34
11.81,376.0,3.0,3.0,3.24
11.82,377.0,3.0,3.0,3.14
11.83,377.0,3.0,3.0,3.04
11.84,378.0,3.0,3.0,2.94
11.85,378.0,3.0,3.0,2.85
11.86,379.0,3.0,3.0,2.75
11.87,380.0,3.0,3.0,2.66
11.88,380.0,3.0,3.0,2.56
11.89,380.0,3.0,3.0,2.47
11.9,381.0,3.0,3.0,2.38
11.91,381.0,3.0,3.0,2.29
11.92,381.0,3.0,3.0,2.2
11.93,382.0,3.0,3.0,2.11
11.94,382.0,3.0,3.0,2.03
11.95,382.0,3.0,3.0,1.94
11.96,382.0,3.0,3.0,1.85
11.97,383.0,3.0,3.0,1.77
11.98,383.0,3.0,3.0,1.68
11.99,383.0,3.0,3.0,1.6
12.0,383.0,3.0,3.0,1.52
12.01,383.0,3.0,3.0,1.44
12.02,383.0,3.0,3.0,1.36
12.03,383.0,3.0,3.0,1.28
12.04,383.0,3.0,3.0,1.2
12.05,383.0,3.0,3.0,1.12
12.06,382.0,3.0,3.0,1.04
12.07,382.0,3.0,3.0,0.97
12.08,382.0,3.0,3.0,0.89
12.09,382.0,3.0,3.0,0.82
12.1,382.0,4.0,4.0,1.54
12.11,319.0,4.0,4.0,1.42
12.12,319.0,4.0,4.0,1.3
12.13,320.0,4.0,4.0,1.18
12.14,320.0,4.0,4.0,1.06
12.15,321.0,4.0,4.0,0.94
12.16,321.0,4.0,4.0,0.82
12.17,321.0,4.0,4.0,0.71
12.18,321.0,4.0,4.0,0.59
12.19,322.0,4.0,4.0,0.48
12.2,322.0,4.0,4.0,0.37
12.21,322.0,4.0,4.0,0.26
12.22,322.0,4.0,4.0,0.15
12.23,322.0,4.0,4.0,0.04
12.24,322.0,4.0,4.0,-0.07
12.25,322.0,4.0,4.0,-0.17
12.26,322.0,4.0,4.0,-0.28
12.27,322.0,4.0,4.0,-0.38
12.28,321.0,4.0,4.0,-0.49
12.29,321.0,4.0,4.0,-0.59
12.3,321.0,4.0,4.0,-0.69
12.31,321.0,4.0,4.0,-0.79
12.32,320.0,4.0,4.0,-0.89
12.33,320.0,4.0,4.0,-0.99
12.34,320.0,4.0,4.0,-1.08
12.35,319.0,4.0,4.0,-1.18
12.36,319.0,4.0,4.0,-1.28
12.37,318.0,4.0,4.0,-1.37
12.38,318.0,4.0,4.0,-1.46
12.39,317.0,4.0,4.0,-1.56
12.4,316.0,4.0,4.0,-1.65
12.41,316.0,4.0,4.0,-1.74
12.42,315.0,4.0,4.0,-1.83
12.43,314.0,4.0,4.0,-1.92
12.44,314.0,4.0,4.0,-2.01
12.45,313.0,4.0,4.0,-2.09
12.46,312.0,4.0,4.0,-2.18
12.47,311.0,4.0,4.0,-2.27
12.48,311.0,4.0,4.0,-2.35
12.49,310.0,4.0,4.0,-2.43
12.5,309.0,4.0,4.0,-2.52
12.51,308.0,4.0,4.0,-2.6
12.52,307.0,4.0,4.0,-2.68
12.53,306.0,4.0,4.0,-2.76
12.54,305.0,4.0,4.0,-2.84
12.55,304.0,4.0,4.0,-2.92
12.56,303.0,4.0,4.0,-3.0
12.57,302.0,4.0,4.0,-3.08
12.58,301.0,4.0,4.0,-3.16
12.59,299.0,4.0,4.0,-3.24
12.6,298.0,4.0,4.0,-3.31
12.61,297.0,4.0,4.0,-3.39
12.62,296.0,4.0,4.0,-3.46
12.63,295.0,4.0,4.0,-3.54
12.64,293.0,4.0,4.0,-3.61
12.65,292.0,4.0,4.0,-3.69
12.66,291.0,4.0,4.0,-3.76
12.67,289.0,4.0,4.0,-3.83
12.68,288.0,4.0,4.0,-3.9
12.69,287.0,4.0,4.0,-3.97
12.7,285.0,4.0,4.0,-4.04
12.71,284.0,4.0,4.0,-4.11
12.72,282.0,4.0,4.0,-4.18
12.73,281.0,4.0,4.0,-4.25
12.74,279.0,4.0,4.0,-4.32
12.75,278.0,4.0,4.0,-4.38
12.76,276.0,4.0,4.0,-4.45
12.77,275.0,4.0,4.0,-4.52
12.78,273.0,4.0,4.0,-4.58
12.79,272.0,4.0,4.0,-4.65
12.8,270.0,4.0,4.0,-4.71
12.81,269.0,4.0,4.0,-4.78
12.82,267.0,4.0,4.0,-4.84
12.83,265.0,4.0,4.0,-4.91
12.84,264.0,4.0,4.0,-4.97
12.85,262.0,4.0,4.0,-5.03
12.86,260.0,4.0,4.0,-5.09
12.87,259.0,4.0,4.0,-5.15
12.88,257.0,4.0,4.0,-5.22
12.89,255.0,4.0,4.0,-5.28
12.9,253.0,4.0,4.0,-5.34
12.91,251.0,4.0,4.0,-5.4
12.92,250.0,4.0,4.0,-5.46
12.93,248.0,4.0,4.0,-5.51
12.94,246.0,4.0,4.0,-5.57
12.95,244.0,4.0,4.0,-5.63
12.96,242.0,4.0,4.0,-5.69
12.97,240.0,3.0,3.0,-6.55
12.98,301.0,3.0,3.0,-6.55
12.99,298.0,3.0,3.0,-6.56
13.0,296.0,3.0,3.0,-6.57
13.01,293.0,3.0,3.0,-6.58
13.02,290.0,3.0,3.0,-6.58
13.03,288.0,3.0,3.0,-6.59
13.04,285.0,3.0,3.0,-6.6
13.05,282.0,3.0,3.0,-6.61
13.06,280.0,3.0,3.0,-6.62
13.07,277.0,3.0,3.0,-6.63
13.08,274.0,3.0,3.0,-6.64
13.09,272.0,3.0,3.0,-6.65
13.1,269.0,3.0,3.0,-6.66
13.11,266.0,3.0,3.0,-6.67
13.12,264.0,3.0,3.0,-6.68
13.13,261.0,3.0,3.0,-6.69
13.14,258.0,3.0,3.0,-6.7
13.15,256.0,3.0,3.0,-6.71
13.16,253.0,3.0,3.0,-6.72
13.17,251.0,3.0,3.0,-6.73
13.18,248.0,3.0,3.0,-6.74
13.19,245.0,3.0,3.0,-6.75
13.2,243.0,3.0,3.0,-6.76
13.21,240.0,3.0,3.0,-6.77
13.22,238.0,2.0,2.0,-7.59
13.23,298.0,2.0,2.0,-7.55
13.24,294.0,2.0,2.0,-7.51
13.25,291.0,2.0,2.0,-7.47
13.26,288.0,2.0,2.0,-7.44
13.27,284.0,2.0,2.0,-7.4
13.28,281.0,2.0,2.0,-7.37
13.29,278.0,2.0,2.0,-7.34
13.3,275.0,2.0,2.0,-7.3
13.31,271.0,2.0,2.0,-7.27
13.32,268.0,2.0,2.0,-7.24
13.33,265.0,2.0,2.0,-7.21
13.34,262.0,2.0,2.0,-7.18
13.35,259.0,2.0,2.0,-7.15
13.36,256.0,2.0,2.0,-7.12
13.37,253.0,2.0,2.0,-7.09
13.38,250.0,2.0,2.0,-7.06
13.39,247.0,2.0,2.0,-7.04
13.4,244.0,2.0,2.0,-7.01
13.41,241.0,2.0,2.0,-6.98
13.42,238.0,2.0,2.0,-6.96
13.43,235.0,2.0,2.0,-6.93
13.44,232.0,2.0,2.0,-6.91
13.45,229.0,2.0,2.0,-6.89
13.46,226.0,2.0,2.0,-6.86
13.47,223.0,2.0,2.0,-6.84
13.48,220.0,1.0,1.0,-7.62
13.49,280.0,1.0,1.0,-7.55
13.5,277.0,1.0,1.0,-7.48
13.51,273.0,1.0,1.0,-7.41
13.52,269.0,1.0,1.0,-7.34
13.53,266.0,1.0,1.0,-7.27
13.54,263.0,1.0,1.0,-7.21
13.55,259.0,1.0,1.0,-7.14
13.56,256.0,1.0,1.0,-7.08
13.57,252.0,1.0,1.0,-7.01
13.58,249.0,1.0,1.0,-6.95
13.59,246.0,1.0,1.0,-6.89
13.6,243.0,1.0,1.0,-6.83
13.61,239.0,1.0,1.0,-6.77
13.62,236.0,1.0,1.0,-6.71
13.63,233.0,1.0,1.0,-6.66
13.64,230.0,1.0,1.0,-6.6
13.65,227.0,1.0,1.0,-6.55
13.66,224.0,1.0,1.0,-6.49
13.67,221.0,1.0,1.0,-6.44
13.68,218.0,1.0,1.0,-6.38
13.69,215.0,1.0,1.0,-6.33
13.7,212.0,1.0,1.0,-6.28
13.71,209.0,1.0,1.0,-6.23
13.72,206.0,1.0,1.0,-6.18
13.73,204.0,1.0,1.0,-6.13
13.74,201.0,1.0,1.0,-6.08
13.75,198.0,1.0,1.0,-6.04
13.76,195.0,1.0,1.0,-5.99
13.77,193.0,1.0,1.0,-5.94
13.78,190.0,1.0,1.0,-5.9
13.79,187.0,1.0,1.0,-5.86
13.8,185.0,1.0,1.0,-5.81
13.81,182.0,1.0,1.0,-5.77
13.82,180.0,1.0,1.0,-5.73
13.83,177.0,1.0,1.0,-5.69
13.84,175.0,1.0,1.0,-5.64
13.85,172.0,1.0,1.0,-5.6
13.86,170.0,1.0,1.0,-5.57
13.87,167.0,1.0,1.0,-5.53
13.88,165.0,1.0,1.0,-5.49
13.89,162.0,1.0,1.0,-5.45
13.9,160.0,1.0,1.0,-5.41
13.91,-158.0,0.0,0.0,-6.18
13.92,218.0,1.0,1.0,-5.29
13.93,-152.0,0.0,0.0,-6.06
13.94,-212.0,0.0,-0.0,-5.97
13.95,-209.0,0.0,-0.0,-5.89
13.96,-206.0,0.0,-0.0,-5.81
13.97,203.0,1.0,1.0,-4.93
13.98,138.0,1.0,1.0,-4.9
13.99,-136.0,0.0,0.0,-5.67
14.0,-196.0,0.0,-0.0,-5.59
14.01,-193.0,0.0,-0.0,-5.52
14.02,-191.0,0.0,-0.0,-5.44
14.03,-188.0,0.0,-0.0,-5.37
14.04,-185.0,0.0,-0.0,-5.29
14.05,-182.0,0.0,-0.0,-5.22
14.06,-180.0,0.0,-0.0,-5.15
14.07,-177.0,0.0,-0.0,-5.08
14.08,-175.0,0.0,-0.0,-5.01
14.09,-172.0,0.0,-0.0,-4.94
14.1,-170.0,0.0,-0.0,-4.87
14.11,-167.0,0.0,-0.0,-4.81
14.12,-165.0,0.0,-0.0,-4.74
14.13,-162.0,0.0,-0.0,-4.68
14.14,-160.0,0.0,-0.0,-4.61
14.15,-158.0,0.0,-0.0,-4.55
14.16,-155.0,0.0,-0.0,-4.49
14.17,-153.0,0.0,-0.0,-4.43
14.18,-151.0,0.0,-0.0,-4.37
14.19,-148.0,0.0,-0.0,-4.31
14.2,-146.0,0.0,-0.0,-4.25
14.21,-144.0,0.0,-0.0,-4.19
14.22,-142.0,0.0,-0.0,-4.13
14.23,-140.0,0.0,-0.0,-4.08
14.24,-138.0,0.0,-0.0,-4.02
14.25,-136.0,0.0,-0.0,-3.97
14.26,-134.0,0.0,-0.0,-3.91
14.27,-132.0,0.0,-0.0,-3.86
14.28,-130.0,0.0,-0.0,-3.81
14.29,-128.0,0.0,-0.0,-3.75
14.3,-126.0,0.0,-0.0,-3.7
14.31,-124.0,0.0,-0.0,-3.65
14.32,-122.0,0.0,-0.0,-3.6
14.33,-120.0,0.0,-0.0,-3.55
14.34,-119.0,0.0,-0.0,-3.51
14.35,-117.0,0.0,-0.0,-3.46
14.36,-115.0,0.0,-0.0,-3.41
14.37,-113.0,0.0,-0.0,-3.36
14.38,-112.0,0.0,-0.0,-3.32
14.39,-110.0,0.0,-0.0,-3.27
14.4,-108.0,0.0,-0.0,-3.23
14.41,-107.0,0.0,-0.0,-3.19
14.42,-105.0,0.0,-0.0,-3.14
14.43,-104.0,0.0,-0.0,-3.1
14.44,-102.0,0.0,-0.0,-3.06
14.45,-101.0,0.0,-0.0,-3.02
14.46,-99.0,0.0,-0.0,-2.98
14.47,-98.0,0.0,-0.0,-2.94
14.48,-96.0,0.0,-0.0,-2.9
14.49,-95.0,0.0,-0.0,-2.86
14.5,-93.0,0.0,-0.0,-2.82
14.51,-92.0,0.0,-0.0,-2.78
14.52,-90.0,0.0,-0.0,-2.74
14.53,-89.0,0.0,-0.0,-2.7
14.54,-88.0,0.0,-0.0,-2.67
14.55,-86.0,0.0,-0.0,-2.63
14.56,-85.0,0.0,-0.0,-2.6
14.57,-84.0,0.0,-0.0,-2.56
14.58,-82.0,0.0,-0.0,-2.53
14.59,-81.0,0.0,-0.0,-2.49
14.6,-80.0,0.0,-0.0,-2.46
14.61,-79.0,0.0,-0.0,-2.43
14.62,-77.0,0.0,-0.0,-2.39
14.63,-76.0,0.0,-0.0,-2.36
14.64,-75.0,0.0,-0.0,-2.33
14.65,-74.0,0.0,-0.0,-2.3
14.66,-73.0,0.0,-0.0,-2.27
14.67,-72.0,0.0,-0.0,-2.24
14.68,-70.0,0.0,-0.0,-2.21
14.69,-69.0,0.0,-0.0,-2.18
14.7,-68.0,0.0,-0.0,-2.15
14.71,-67.0,0.0,-0.0,-2.12
14.72,-66.0,0.0,-0.0,-2.09
14.73,-65.0,0.0,-0.0,-2.06
14.74,-64.0,0.0,-0.0,-2.04
14.75,-63.0,0.0,-0.0,-2.01
14.76,-62.0,0.0,-0.0,-1.98
14.77,-61.0,0.0,-0.0,-1.96
14.78,-60.0,0.0,-0.0,-1.93
14.79,-59.0,0.0,-0.0,-1.9
14.8,-58.0,0.0,-0.0,-1.88
14.81,-57.0,0.0,-0.0,-1.85
14.82,-56.0,0.0,-0.0,-1.83
14.83,-56.0,0.0,-0.0,-1.8
14.84,-55.0,0.0,-0.0,-1.78
14.85,-54.0,0.0,-0.0,-1.76
14.86,-53.0,0.0,-0.0,-1.73
14.87,-52.0,0.0,-0.0,-1.71
14.88,-51.0,0.0,-0.0,-1.69
14.89,-50.0,0.0,-0.0,-1.67
14.9,-50.0,0.0,-0.0,-1.64
14.91,-49.0,0.0,-0.0,-1.62
14.92,-48.0,0.0,-0.0,-1.6
14.93,-47.0,0.0,-0.0,-1.58
14.94,-46.0,0.0,-0.0,-1.56
14.95,-46.0,0.0,-0.0,-1.54
14.96,-45.0,0.0,-0.0,-1.52
14.97,-44.0,0.0,-0.0,-1.5
14.98,-43.0,0.0,-0.0,-1.48
14.99,-43.0,0.0,-0.0,-1.46
15.0,-42.0,0.0,-0.0,-1.44
15.01,-41.0,0.0,-0.0,-1.42
15.02,-41.0,0.0,-0.0,-1.4
15.03,-40.0,0.0,-0.0,-1.38
15.04,-39.0,0.0,-0.0,-1.36
15.05,-39.0,0.0,-0.0,-1.35
15.06,-38.0,0.0,-0.0,-1.33
15.07,-37.0,0.0,-0.0,-1.31
15.08,-37.0,0.0,-0.0,-1.29
15.09,-36.0,0.0,-0.0,-1.28
15.1,-35.0,0.0,-0.0,-1.26
15.11,-35.0,0.0,-0.0,-1.24
15.12,-34.0,0.0,-0.0,-1.23
15.13,-34.0,0.0,-0.0,-1.21
15.14,-33.0,0.0,-0.0,-1.2
15.15,-32.0,0.0,-0.0,-1.18
15.16,-32.0,0.0,-0.0,-1.17
15.17,-31.0,0.0,-0.0,-1.15
15.18,-31.0,0.0,-0.0,-1.14
15.19,-30.0,0.0,-0.0,-1.12
15.2,-30.0,0.0,-0.0,-1.11
15.21,-29.0,0.0,-0.0,-1.09
15.22,-29.0,0.0,-0.0,-1.08
15.23,-28.0,0.0,-0.0,-1.06
15.24,-28.0,0.0,-0.0,-1.05
15.25,-27.0,0.0,-0.0,-1.04
15.26,-27.0,0.0,-0.0,-1.02
15.27,-26.0,0.0,-0.0,-1.01
15.28,-26.0,0.0,-0.0,-1.0
15.29,-25.0,0.0,-0.0,-0.99
15.3,-25.0,0.0,-0.0,-0.97
15.31,-24.0,0.0,-0.0,-0.96
15.32,-24.0,0.0,-0.0,-0.95
15.33,-23.0,0.0,-0.0,-0.94
15.34,-23.0,0.0,-0.0,-0.92
15.35,-22.0,0.0,-0.0,-0.91
15.36,-22.0,0.0,-0.0,-0.9
15.37,-22.0,0.0,-0.0,-0.89
15.38,-21.0,0.0,-0.0,-0.88
15.39,-21.0,0.0,-0.0,-0.87
15.4,-20.0,0.0,-0.0,-0.86
15.41,-20.0,0.0,-0.0,-0.85
15.42,-19.0,0.0,-0.0,-0.83
15.43,-19.0,0.0,-0.0,-0.82
15.44,-19.0,0.0,-0.0,-0.81
15.45,-18.0,0.0,-0.0,-0.8
15.46,-18.0,0.0,-0.0,-0.79
15.47,-18.0,0.0,-0.0,-0.78
15.48,-17.0,0.0,-0.0,-0.77
15.49,-17.0,0.0,-0.0,-0.76
15.5,-17.0,0.0,-0.0,-0.75
15.51,-16.0,0.0,-0.0,-0.75
15.52,-16.0,0.0,-0.0,-0.74
15.53,-15.0,0.0,-0.0,-0.73
15.54,-15.0,0.0,-0.0,-0.72
15.55,-15.0,0.0,-0.0,-0.71
15.56,-14.0,0.0,-0.0,-0.7
15.57,-14.0,0.0,-0.0,-0.69
15.58,-14.0,0.0,-0.0,-0.68
15.59,-14.0,0.0,-0.0,-0.67
15.6,-13.0,0.0,-0.0,-0.67
15.61,-13.0,0.0,-0.0,-0.66
15.62,-13.0,0.0,-0.0,-0.65
15.63,-12.0,0.0,-0.0,-0.64
15.64,-12.0,0.0,-0.0,-0.63
15.65,-12.0,0.0,-0.0,-0.63
15.66,-11.0,0.0,-0.0,-0.62
15.67,-11.0,0.0,-0.0,-0.61
15.68,-11.0,0.0,-0.0,-0.6
15.69,-11.0,0.0,-0.0,-0.6
15.7,-10.0,0.0,-0.0,-0.59
15.71,-10.0,0.0,-0.0,-0.58
15.72,-10.0,0.0,-0.0,-0.58
15.73,-10.0,0.0,-0.0,-0.57
15.74,-9.0,0.0,-0.0,-0.56
15.75,-9.0,0.0,-0.0,-0.56
15.76,-9.0,0.0,-0.0,-0.55
15.77,-9.0,0.0,-0.0,-0.54
15.78,-8.0,0.0,-0.0,-0.54
15.79,-8.0,0.0,-0.0,-0.53
15.8,-8.0,0.0,-0.0,-0.52
15.81,-8.0,0.0,-0.0,-0.52
15.82,-7.0,0.0,-0.0,-0.51
15.83,-7.0,0.0,-0.0,-0.51
15.84,-7.0,0.0,-0.0,-0.5
15.85,-7.0,0.0,-0.0,-0.49
15.86,-7.0,0.0,-0.0,-0.49
15.87,-6.0,0.0,-0.0,-0.48
15.88,-6.0,0.0,-0.0,-0.48
15.89,-6.0,0.0,-0.0,-0.47
15.9,-6.0,0.0,-0.0,-0.47
15.91,-6.0,0.0,-0.0,-0.46
15.92,-5.0,0.0,-0.0,-0.45
15.93,-5.0,0.0,-0.0,-0.45
15.94,-5.0,0.0,-0.0,-0.44
15.95,-5.0,0.0,-0.0,-0.44
15.96,-5.0,0.0,-0.0,-0.43
15.97,-4.0,0.0,-0.0,-0.43
15.98,-4.0,0.0,-0.0,-0.42
15.99,-4.0,0.0,-0.0,-0.42
16.0,-4.0,0.0,-0.0,-0.41
16.01,-4.0,0.0,-0.0,-0.41
16.02,-4.0,0.0,-0.0,-0.41
16.03,-3.0,0.0,-0.0,-0.4
16.04,-3.0,0.0,-0.0,-0.4
16.05,-3.0,0.0,-0.0,-0.39
16.06,-3.0,0.0,-0.0,-0.39
16.07,-3.0,0.0,-0.0,-0.38
16.08,-3.0,0.0,-0.0,-0.38
16.09,-2.0,0.0,-0.0,-0.38
16.1,-2.0,0.0,-0.0,-0.37
16.11,-2.0,0.0,-0.0,-0.37
16.12,-2.0,0.0,-0.0,-0.36
16.13,-2.0,0.0,-0.0,-0.36
16.14,-2.0,0.0,-0.0,-0.36
16.15,-2.0,0.0,-0.0,-0.35
16.16,-1.0,0.0,-0.0,-0.35
16.17,-1.0,0.0,-0.0,-0.34
16.18,-1.0,0.0,-0.0,-0.34
16.19,-1.0,0.0,-0.0,-0.34
16.2,-1.0,0.0,-0.0,-0.33
16.21,-1.0,0.0,-0.0,-0.33
16.22,-1.0,0.0,-0.0,-0.33
16.23,0.0,0.0,-0.0,-0.32
16.24,0.0,0.0,-0.0,-0.32
16.25,0.0,0.0,-0.0,-0.32
16.26,0.0,0.0,-0.0,-0.31
16.27,0.0,0.0,-0.0,-0.31
16.28,0.0,0.0,-0.0,-0.31
16.29,0.0,0.0,-0.0,-0.3
16.3,0.0,0.0,-0.0,-0.3
16.31,0.0,0.0,-0.0,-0.3
16.32,0.0,0.0,-0.0,-0.29
16.33,0.0,0.0,-0.0,-0.29
16.34,0.0,0.0,-0.0,-0.29
16.35,0.0,0.0,-0.0,-0.29
16.36,0.0,0.0,-0.0,-0.28
16.37,0.0,0.0,-0.0,-0.28
16.38,0.0,0.0,-0.0,-0.28
16.39,0.0,0.0,-0.0,-0.27
16.4,0.0,0.0,-0.0,-0.27
16.41,-1.0,0.0,-0.0,-0.27
16.42,-1.0,0.0,-0.0,-0.27
16.43,-1.0,0.0,-0.0,-0.26
16.44,-1.0,0.0,-0.0,-0.26
16.45,-1.0,0.0,-0.0,-0.26
16.46,-1.0,0.0,-0.0,-0.26
16.47,-1.0,0.0,-0.0,-0.25
16.48,-1.0,0.0,-0.0,-0.25
16.49,-1.0,0.0,-0.0,-0.25
16.5,-1.0,0.0,-0.0,-0.25
16.51,-1.0,0.0,-0.0,-0.24
16.52,-2.0,0.0,-0.0,-0.24
16.53,-2.0,0.0,-0.0,-0.24
16.54,-2.0,0.0,-0.0,-0.24
16.55,-2.0,0.0,-0.0,-0.24
16.56,-2.0,0.0,-0.0,-0.23
16.57,-2.0,0.0,-0.0,-0.23
16.58,-2.0,0.0,-0.0,-0.23
16.59,-2.0,0.0,-0.0,-0.23
16.6,-2.0,0.0,-0.0,-0.22
16.61,-2.0,0.0,-0.0,-0.22
16.62,-2.0,0.0,-0.0,-0.22
16.63,-2.0,0.0,-0.0,-0.22
16.64,-2.0,0.0,-0.0,-0.22
16.65,-3.0,0.0,-0.0,-0.21
16.66,-3.0,0.0,-0.0,-0.21
16.67,-3.0,0.0,-0.0,-0.21
16.68,-3.0,0.0,-0.0,-0.21
16.69,-3.0,0.0,-0.0,-0.21
16.7,-3.0,0.0,-0.0,-0.21
16.71,-3.0,0.0,-0.0,-0.2
16.72,-3.0,0.0,-0.0,-0.2
16.73,-3.0,0.0,-0.0,-0.2
16.74,-3.0,0.0,-0.0,-0.2
16.75,-3.0,0.0,-0.0,-0.2
16.76,-3.0,0.0,-0.0,-0.2
16.77,-3.0,0.0,-0.0,-0.19
16.78,-3.0,0.0,-0.0,-0.19
16.79,-3.0,0.0,-0.0,-0.19
16.8,-3.0,0.0,-0.0,-0.19
16.81,-4.0,0.0,-0.0,-0.19
16.82,-4.0,0.0,-0.0,-0.19
16.83,-4.0,0.0,-0.0,-0.18
16.84,-4.0,0.0,-0.0,-0.18
16.85,-4.0,0.0,-0.0,-0.18
16.86,-4.0,0.0,-0.0,-0.18
16.87,-4.0,0.0,-0.0,-0.18
16.88,-4.0,0.0,-0.0,-0.18
16.89,-4.0,0.0,-0.0,-0.18
16.9,-4.0,0.0,-0.0,-0.18
16.91,-4.0,0.0,-0.0,-0.17
16.92,-4.0,0.0,-0.0,-0.17
16.93,-4.0,0.0,-0.0,-0.17
16.94,-4.0,0.0,-0.0,-0.17
16.95,-4.0,0.0,-0.0,-0.17
16.96,-4.0,0.0,-0.0,-0.17
16.97,-4.0,0.0,-0.0,-0.17
16.98,-4.0,0.0,-0.0,-0.17
16.99,-4.0,0.0,-0.0,-0.16
17.0,-4.0,0.0,-0.0,-0.16
17.01,-5.0,0.0,-0.0,-0.16
17.02,-5.0,0.0,-0.0,-0.16
17.03,-5.0,0.0,-0.0,-0.16
17.04,-5.0,0.0,-0.0,-0.16
17.05,-5.0,0.0,-0.0,-0.16
17.06,-5.0,0.0,-0.0,-0.16
17.07,-5.0,0.0,-0.0,-0.15
17.08,-5.0,0.0,-0.0,-0.15
17.09,-5.0,0.0,-0.0,-0.15
17.1,-5.0,0.0,-0.0,-0.15
17.11,-5.0,0.0,-0.0,-0.15
17.12,-5.0,0.0,-0.0,-0.15
17.13,-5.0,0.0,-0.0,-0.15
17.14,-5.0,0.0,-0.0,-0.15
17.15,-5.0,0.0,-0.0,-0.15
17.16,-5.0,0.0,-0.0,-0.15
17.17,-5.0,0.0,-0.0,-0.15
17.18,-5.0,0.0,-0.0,-0.14
17.19,-5.0,0.0,-0.0,-0.14
17.2,-5.0,0.0,-0.0,-0.14
17.21,-5.0,0.0,-0.0,-0.14
17.22,-5.0,0.0,-0.0,-0.14
17.23,-5.0,0.0,-0.0,-0.14
17.24,-5.0,0.0,-0.0,-0.14
17.25,-5.0,0.0,-0.0,-0.14
17.26,-5.0,0.0,-0.0,-0.14
17.27,-5.0,0.0,-0.0,-0.14
17.28,-5.0,0.0,-0.0,-0.14
17.29,-5.0,0.0,-0.0,-0.14
17.3,-6.0,0.0,-0.0,-0.13
17.31,-6.0,0.0,-0.0,-0.13
17.32,-6.0,0.0,-0.0,-0.13
17.33,-6.0,0.0,-0.0,-0.13
17.34,-6.0,0.0,-0.0,-0.13
17.35,-6.0,0.0,-0.0,-0.13
17.36,-6.0,0.0,-0.0,-0.13
17.37,-6.0,0.0,-0.0,-0.13
17.38,-6.0,0.0,-0.0,-0.13
17.39,-6.0,0.0,-0.0,-0.13
17.4,-6.0,0.0,-0.0,-0.13
17.41,-6.0,0.0,-0.0,-0.13
17.42,-6.0,0.0,-0.0,-0.13
17.43,-6.0,0.0,-0.0,-0.13
17.44,-6.0,0.0,-0.0,-0.12
17.45,-6.0,0.0,-0.0,-0.12
17.46,-6.0,0.0,-0.0,-0.12
17.47,-6.0,0.0,-0.0,-0.12
17.48,-6.0,0.0,-0.0,-0.12
17.49,-6.0,0.0,-0.0,-0.12
17.5,-6.0,0.0,-0.0,-0.12
17.51,-6.0,0.0,-0.0,-0.12
17.52,-6.0,0.0,-0.0,-0.12
17.53,-6.0,0.0,-0.0,-0.12
17.54,-6.0,0.0,-0.0,-0.12
17.55,-6.0,0.0,-0.0,-0.12
17.56,-6.0,0.0,-0.0,-0.12
17.57,-6.0,0.0,-0.0,-0.12
17.58,-6.0,0.0,-0.0,-0.12
17.59,-6.0,0.0,-0.0,-0.12
17.6,-6.0,0.0,-0.0,-0.12
17.61,-6.0,0.0,-0.0,-0.12
17.62,-6.0,0.0,-0.0,-0.11
17.63,-6.0,0.0,-0.0,-0.11
17.64,-6.0,0.0,-0.0,-0.11
17.65,-6.0,0.0,-0.0,-0.11
17.66,-6.0,0.0,-0.0,-0.11
17.67,-6.0,0.0,-0.0,-0.11
17.68,-6.0,0.0,-0.0,-0.11
17.69,-6.0,0.0,-0.0,-0.11
17.7,-6.0,0.0,-0.0,-0.11
17.71,-6.0,0.0,-0.0,-0.11
17.72,-6.0,0.0,-0.0,-0.11
17.73,-6.0,0.0,-0.0,-0.11
17.74,-6.0,0.0,-0.0,-0.11
17.75,-6.0,0.0,-0.0,-0.11
17.76,-6.0,0.0,-0.0,-0.11
17.77,-6.0,0.0,-0.0,-0.11
17.78,-7.0,0.0,-0.0,-0.11
17.79,-7.0,0.0,-0.0,-0.11
17.8,-7.0,0.0,-0.0,-0.11
17.81,-7.0,0.0,-0.0,-0.11
17.82,-7.0,0.0,-0.0,-0.11
17.83,-7.0,0.0,-0.0,-0.11
17.84,-7.0,0.0,-0.0,-0.11
17.85,-7.0,0.0,-0.0,-0.11
17.86,-7.0,0.0,-0.0,-0.1
17.87,-7.0,0.0,-0.0,-0.1
17.88,-7.0,0.0,-0.0,-0.1
17.89,-7.0,0.0,-0.0,-0.1
17.9,-7.0,0.0,-0.0,-0.1
17.91,-7.0,0.0,-0.0,-0.1
17.92,-7.0,0.0,-0.0,-0.1
17.93,-7.0,0.0,-0.0,-0.1
17.94,-7.0,0.0,-0.0,-0.1
17.95,-7.0,0.0,-0.0,-0.1
17.96,-7.0,0.0,-0.0,-0.1
17.97,-7.0,0.0,-0.0,-0.1
17.98,-7.0,0.0,-0.0,-0.1
17.99,-7.0,0.0,-0.0,-0.1
18.0,-7.0,0.0,-0.0,-0.1
18.01,-7.0,0.0,-0.0,-0.1
18.02,-7.0,0.0,-0.0,-0.1
18.03,-7.0,0.0,-0.0,-0.1
18.04,-7.0,0.0,-0.0,-0.1
18.05,-7.0,0.0,-0.0,-0.1
18.06,-7.0,0.0,-0.0,-0.1
18.07,-7.0,0.0,-0.0,-0.1
18.08,-7.0,0.0,-0.0,-0.1
18.09,-7.0,0.0,-0.0,-0.1
18.1,-7.0,0.0,-0.0,-0.1
18.11,-7.0,0.0,-0.0,-0.1
18.12,-7.0,0.0,-0.0,-0.1
18.13,-7.0,0.0,-0.0,-0.1
18.14,-7.0,0.0,-0.0,-0.1
18.15,-7.0,0.0,-0.0,-0.1
18.16,-7.0,0.0,-0.0,-0.1
18.17,-7.0,0.0,-0.0,-0.1
18.18,-7.0,0.0,-0.0,-0.1
18.19,-7.0,0.0,-0.0,-0.1
18.2,-7.0,0.0,-0.0,-0.1
18.21,-7.0,0.0,-0.0,-0.1
18.22,-7.0,0.0,-0.0,-0.1
18.23,-7.0,0.0,-0.0,-0.09
18.24,-7.0,0.0,-0.0,-0.09
18.25,-7.0,0.0,-0.0,-0.09
18.26,-7.0,0.0,-0.0,-0.09
18.27,-7.0,0.0,-0.0,-0.09
18.28,-7.0,0.0,-0.0,-0.09
18.29,-7.0,0.0,-0.0,-0.09
18.3,-7.0,0.0,-0.0,-0.09
18.31,-7.0,0.0,-0.0,-0.09
18.32,-7.0,0.0,-0.0,-0.09
18.33,-7.0,0.0,-0.0,-0.09
18.34,-7.0,0.0,-0.0,-0.09
18.35,-7.0,0.0,-0.0,-0.09
18.36,-7.0,0.0,-0.0,-0.09
18.37,-7.0,0.0,-0.0,-0.09
18.38,-7.0,0.0,-0.0,-0.09
18.39,-7.0,0.0,-0.0,-0.09
18.4,-7.0,0.0,-0.0,-0.09
18.41,-7.0,0.0,-0.0,-0.09
18.42,-7.0,0.0,-0.0,-0.09
18.43,-7.0,0.0,-0.0,-0.09
18.44,-7.0,0.0,-0.0,-0.09
18.45,-7.0,0.0,-0.0,-0.09
18.46,-7.0,0.0,-0.0,-0.09
18.47,-7.0,0.0,-0.0,-0.09
18.48,-7.0,0.0,-0.0,-0.09
18.49,-7.0,0.0,-0.0,-0.09
18.5,-7.0,0.0,-0.0,-0.09
18.51,-7.0,0.0,-0.0,-0.09
18.52,-7.0,0.0,-0.0,-0.09
18.53,-7.0,0.0,-0.0,-0.09
18.54,-7.0,0.0,-0.0,-0.09
18.55,-7.0,0.0,-0.0,-0.09
18.56,-7.0,0.0,-0.0,-0.09
18.57,-7.0,0.0,-0.0,-0.09
18.58,-7.0,0.0,-0.0,-0.09
18.59,-7.0,0.0,-0.0,-0.09
18.6,-7.0,0.0,-0.0,-0.09
18.61,-7.0,0.0,-0.0,-0.09
18.62,-7.0,0.0,-0.0,-0.09
18.63,-7.0,0.0,-0.0,-0.09
18.64,-7.0,0.0,-0.0,-0.09
18.65,-7.0,0.0,-0.0,-0.09
18.66,-7.0,0.0,-0.0,-0.09
18.67,-7.0,0.0,-0.0,-0.09
18.68,-7.0,0.0,-0.0,-0.09
18.69,-7.0,0.0,-0.0,-0.09
18.7,-7.0,0.0,-0.0,-0.09
18.71,-7.0,0.0,-0.0,-0.09
18.72,-7.0,0.0,-0.0,-0.09
18.73,-7.0,0.0,-0.0,-0.09
18.74,-7.0,0.0,-0.0,-0.09
18.75,-7.0,0.0,-0.0,-0.09
18.76,-7.0,0.0,-0.0,-0.09
18.77,-7.0,0.0,-0.0,-0.09
18.78,-7.0,0.0,-0.0,-0.09
18.79,-7.0,0.0,-0.0,-0.09
18.8,-7.0,0.0,-0.0,-0.09
18.81,-7.0,0.0,-0.0,-0.09
18.82,-7.0,0.0,-0.0,-0.09
18.83,-7.0,0.0,-0.0,-0.09
18.84,-7.0,0.0,-0.0,-0.09
18.85,-7.0,0.0,-0.0,-0.09
18.86,-7.0,0.0,-0.0,-0.09
18.87,-7.0,0.0,-0.0,-0.09
18.88,-7.0,0.0,-0.0,-0.09
18.89,-7.0,0.0,-0.0,-0.09
18.9,-7.0,0.0,-0.0,-0.09
18.91,-7.0,0.0,-0.0,-0.09
18.92,-7.0,0.0,-0.0,-0.09
18.93,-7.0,0.0,-0.0,-0.09
18.94,-7.0,0.0,-0.0,-0.09
18.95,-7.0,0.0,-0.0,-0.09
18.96,-7.0,0.0,-0.0,-0.09
18.97,-7.0,0.0,-0.0,-0.09
18.98,-7.0,0.0,-0.0,-0.09
18.99,-7.0,0.0,-0.0,-0.09
19.0,-7.0,0.0,-0.0,-0.09
19.01,-7.0,0.0,-0.0,-0.09
19.02,-7.0,0.0,-0.0,-0.09
19.03,-7.0,0.0,-0.0,-0.08
19.04,-7.0,0.0,-0.0,-0.08
19.05,-7.0,0.0,-0.0,-0.08
19.06,-7.0,0.0,-0.0,-0.08
19.07,-7.0,0.0,-0.0,-0.08
19.08,-7.0,0.0,-0.0,-0.08
19.09,-7.0,0.0,-0.0,-0.08
19.1,-7.0,0.0,-0.0,-0.08
19.11,-7.0,0.0,-0.0,-0.08
19.12,-7.0,0.0,-0.0,-0.08
19.13,-7.0,0.0,-0.0,-0.08
19.14,-7.0,0.0,-0.0,-0.08
19.15,-7.0,0.0,-0.0,-0.08
19.16,-7.0,0.0,-0.0,-0.08
19.17,-7.0,0.0,-0.0,-0.08
19.18,-7.0,0.0,-0.0,-0.08
19.19,-7.0,0.0,-0.0,-0.08
19.2,-7.0,0.0,-0.0,-0.08
19.21,-7.0,0.0,-0.0,-0.08
19.22,-7.0,0.0,-0.0,-0.08
19.23,-7.0,0.0,-0.0,-0.08
19.24,-7.0,0.0,-0.0,-0.08
19.25,-7.0,0.0,-0.0,-0.08
19.26,-7.0,0.0,-0.0,-0.08
19.27,-7.0,0.0,-0.0,-0.08
19.28,-7.0,0.0,-0.0,-0.08
19.29,-7.0,0.0,-0.0,-0.08
19.3,-7.0,0.0,-0.0,-0.08
19.31,-7.0,0.0,-0.0,-0.08
19.32,-7.0,0.0,-0.0,-0.08
19.33,-7.0,0.0,-0.0,-0.08
19.34,-7.0,0.0,-0.0,-0.08
19.35,-7.0,0.0,-0.0,-0.08
19.36,-7.0,0.0,-0.0,-0.08
19.37,-7.0,0.0,-0.0,-0.08
19.38,-7.0,0.0,-0.0,-0.08
19.39,-7.0,0.0,-0.0,-0.08
19.4,-7.0,0.0,-0.0,-0.08
19.41,-7.0,0.0,-0.0,-0.08
19.42,-7.0,0.0,-0.0,-0.08
19.43,-7.0,0.0,-0.0,-0.08
19.44,-7.0,0.0,-0.0,-0.08
19.45,-7.0,0.0,-0.0,-0.08
19.46,-7.0,0.0,-0.0,-0.08
19.47,-7.0,0.0,-0.0,-0.08
19.48,-7.0,0.0,-0.0,-0.08
19.49,-7.0,0.0,-0.0,-0.08
19.5,-7.0,0.0,-0.0,-0.08
19.51,-7.0,0.0,-0.0,-0.08
19.52,-7.0,0.0,-0.0,-0.08
19.53,-7.0,0.0,-0.0,-0.08
19.54,-7.0,0.0,-0.0,-0.08
19.55,-7.0,0.0,-0.0,-0.08
19.56,-7.0,0.0,-0.0,-0.08
19.57,-7.0,0.0,-0.0,-0.08
19.58,-7.0,0.0,-0.0,-0.08
19.59,-7.0,0.0,-0.0,-0.08
19.6,-7.0,0.0,-0.0,-0.08
19.61,-7.0,0.0,-0.0,-0.08
19.62,-7.0,0.0,-0.0,-0.08
19.63,-7.0,0.0,-0.0,-0.08
19.64,-7.0,0.0,-0.0,-0.08
19.65,-7.0,0.0,-0.0,-0.08
19.66,-7.0,0.0,-0.0,-0.08
19.67,-7.0,0.0,-0.0,-0.08
19.68,-7.0,0.0,-0.0,-0.08
19.69,-7.0,0.0,-0.0,-0.08
19.7,-7.0,0.0,-0.0,-0.08
19.71,-7.0,0.0,-0.0,-0.08
19.72,-7.0,0.0,-0.0,-0.08
19.73,-7.0,0.0,-0.0,-0.08
19.74,-7.0,0.0,-0.0,-0.08
19.75,-7.0,0.0,-0.0,-0.08
19.76,-7.0,0.0,-0.0,-0.08
19.77,-7.0,0.0,-0.0,-0.08
19.78,-7.0,0.0,-0.0,-0.08
19.79,-7.0,0.0,-0.0,-0.08
19.8,-7.0,0.0,-0.0,-0.08
19.81,-7.0,0.0,-0.0,-0.08
19.82,-7.0,0.0,-0.0,-0.08
19.83,-7.0,0.0,-0.0,-0.08
19.84,-7.0,0.0,-0.0,-0.08
19.85,-7.0,0.0,-0.0,-0.08
19.86,-7.0,0.0,-0.0,-0.08
19.87,-7.0,0.0,-0.0,-0.08
19.88,-7.0,0.0,-0.0,-0.08
19.89,-7.0,0.0,-0.0,-0.08
19.9,-7.0,0.0,-0.0,-0.08
19.91,-7.0,0.0,-0.0,-0.08
19.92,-7.0,0.0,-0.0,-0.08
19.93,-7.0,0.0,-0.0,-0.08
19.94,-7.0,0.0,-0.0,-0.08
19.95,-7.0,0.0,-0.0,-0.08
19.96,-7.0,0.0,-0.0,-0.08
19.97,-7.0,0.0,-0.0,-0.08
19.98,-7.0,0.0,-0.0,-0.08
19.99,-7.0,0.0,-0.0,-0.08
20.0,-7.0,0.0,-0.0,-0.08
20.01,-7.0,0.0,-0.0,-0.08
20.02,-7.0,0.0,-0.0,-0.08
20.03,-7.0,0.0,-0.0,-0.08
20.04,-7.0,0.0,-0.0,-0.08
20.05,-7.0,0.0,-0.0,-0.08
20.06,-7.0,0.0,-0.0,-0.08
20.07,-7.0,0.0,-0.0,-0.08
20.08,-7.0,0.0,-0.0,-0.08
20.09,-7.0,0.0,-0.0,-0.08
20.1,-7.0,0.0,-0.0,-0.08
20.11,-7.0,0.0,-0.0,-0.08
20.12,-7.0,0.0,-0.0,-0.08
20.13,-7.0,0.0,-0.0,-0.08
20.14,-7.0,0.0,-0.0,-0.08
20.15,-7.0,0.0,-0.0,-0.08
20.16,-7.0,0.0,-0.0,-0.08
20.17,-8.0,0.0,-0.0,-0.08
20.18,-8.0,0.0,-0.0,-0.08
20.19,-8.0,0.0,-0.0,-0.08
20.2,-8.0,0.0,-0.0,-0.08
20.21,-8.0,0.0,-0.0,-0.08
20.22,-8.0,0.0,-0.0,-0.08
20.23,-8.0,0.0,-0.0,-0.08
20.24,-8.0,0.0,-0.0,-0.08
20.25,-8.0,0.0,-0.0,-0.08
20.26,-8.0,0.0,-0.0,-0.08
20.27,-8.0,0.0,-0.0,-0.08
20.28,-8.0,0.0,-0.0,-0.08
20.29,-8.0,0.0,-0.0,-0.08
20.3,-8.0,0.0,-0.0,-0.08
20.31,-8.0,0.0,-0.0,-0.08
20.32,-8.0,0.0,-0.0,-0.08
20.33,-8.0,0.0,-0.0,-0.08
20.34,-8.0,0.0,-0.0,-0.08
20.35,-8.0,0.0,-0.0,-0.08
20.36,-8.0,0.0,-0.0,-0.08
20.37,-8.0,0.0,-0.0,-0.08
20.38,-8.0,0.0,-0.0,-0.08
20.39,-8.0,0.0,-0.0,-0.08
20.4,-8.0,0.0,-0.0,-0.08
20.41,-8.0,0.0,-0.0,-0.08
20.42,-8.0,0.0,-0.0,-0.08
20.43,-8.0,0.0,-0.0,-0.08
20.44,-8.0,0.0,-0.0,-0.08
20.45,-8.0,0.0,-0.0,-0.08
20.46,-8.0,0.0,-0.0,-0.08
20.47,-8.0,0.0,-0.0,-0.08
20.48,-8.0,0.0,-0.0,-0.08
20.49,-8.0,0.0,-0.0,-0.08
20.5,-8.0,0.0,-0.0,-0.08
20.51,-8.0,0.0,-0.0,-0.08
20.52,-8.0,0.0,-0.0,-0.08
20.53,-8.0,0.0,-0.0,-0.08
20.54,-8.0,0.0,-0.0,-0.08
20.55,-8.0,0.0,-0.0,-0.08
20.56,-8.0,0.0,-0.0,-0.08
20.57,-8.0,0.0,-0.0,-0.08
20.58,-8.0,0.0,-0.0,-0.08
20.59,-8.0,0.0,-0.0,-0.08
20.6,-8.0,0.0,-0.0,-0.08
20.61,-8.0,0.0,-0.0,-0.08
20.62,-8.0,0.0,-0.0,-0.08
20.63,-8.0,0.0,-0.0,-0.08
20.64,-8.0,0.0,-0.0,-0.08
20.65,-8.0,0.0,-0.0,-0.08
20.66,-8.0,0.0,-0.0,-0.08
20.67,-8.0,0.0,-0.0,-0.08
20.68,-8.0,0.0,-0.0,-0.08
20.69,-8.0,0.0,-0.0,-0.08
20.7,-8.0,0.0,-0.0,-0.08
20.71,-8.0,0.0,-0.0,-0.08
20.72,-8.0,0.0,-0.0,-0.08
20.73,-8.0,0.0,-0.0,-0.08
20.74,-8.0,0.0,-0.0,-0.08
20.75,-8.0,0.0,-0.0,-0.08
20.76,-8.0,0.0,-0.0,-0.08
20.77,-8.0,0.0,-0.0,-0.08
20.78,-8.0,0.0,-0.0,-0.08
20.79,-8.0,0.0,-0.0,-0.08
20.8,-8.0,0.0,-0.0,-0.08
20.81,-8.0,0.0,-0.0,-0.08
20.82,-8.0,0.0,-0.0,-0.08
20.83,-8.0,0.0,-0.0,-0.08
20.84,-8.0,0.0,-0.0,-0.08
20.85,-8.0,0.0,-0.0,-0.08
20.86,-8.0,0.0,-0.0,-0.08
20.87,-8.0,0.0,-0.0,-0.08
20.88,-8.0,0.0,-0.0,-0.08
20.89,-8.0,0.0,-0.0,-0.08
20.9,-8.0,0.0,-0.0,-0.08
20.91,-8.0,0.0,-0.0,-0.08
20.92,-8.0,0.0,-0.0,-0.08
20.93,-8.0,0.0,-0.0,-0.08
20.94,-8.0,0.0,-0.0,-0.08
20.95,-8.0,0.0,-0.0,-0.08
20.96,-8.0,0.0,-0.0,-0.08
20.97,-8.0,0.0,-0.0,-0.08
20.98,-8.0,0.0,-0.0,-0.08
20.99,-8.0,0.0,-0.0,-0.08
21.0,-8.0,0.0,-0.0,-0.08
21.01,-8.0,0.0,-0.0,-0.08
21.02,-8.0,0.0,-0.0,-0.08
21.03,-8.0,0.0,-0.0,-0.08
21.04,-8.0,0.0,-0.0,-0.08
21.05,-8.0,0.0,-0.0,-0.08
21.06,-8.0,0.0,-0.0,-0.08
21.07,-8.0,0.0,-0.0,-0.08
21.08,-8.0,0.0,-0.0,-0.08
21.09,-8.0,0.0,-0.0,-0.08
21.1,-8.0,0.0,-0.0,-0.08
21.11,-8.0,0.0,-0.0,-0.08
21.12,-8.0,0.0,-0.0,-0.08
21.13,-8.0,0.0,-0.0,-0.08
21.14,-8.0,0.0,-0.0,-0.08
21.15,-8.0,0.0,-0.0,-0.08
21.16,-8.0,0.0,-0.0,-0.08
21.17,-8.0,0.0,-0.0,-0.08
21.18,-8.0,0.0,-0.0,-0.08
21.19,-8.0,0.0,-0.0,-0.08
21.2,-8.0,0.0,-0.0,-0.08
21.21,-8.0,0.0,-0.0,-0.08
21.22,-8.0,0.0,-0.0,-0.08
21.23,-8.0,0.0,-0.0,-0.08
21.24,-8.0,0.0,-0.0,-0.08
21.25,-8.0,0.0,-0.0,-0.08
21.26,-8.0,0.0,-0.0,-0.08
21.27,-8.0,0.0,-0.0,-0.08
21.28,-8.0,0.0,-0.0,-0.08
21.29,-8.0,0.0,-0.0,-0.08
21.3,-8.0,0.0,-0.0,-0.08
21.31,-8.0,0.0,-0.0,-0.08
21.32,-8.0,0.0,-0.0,-0.08
21.33,-8.0,0.0,-0.0,-0.08
21.34,-8.0,0.0,-0.0,-0.08
21.35,-8.0,0.0,-0.0,-0.08
21.36,-8.0,0.0,-0.0,-0.08
21.37,-8.0,0.0,-0.0,-0.08
21.38,-8.0,0.0,-0.0,-0.08
21.39,-8.0,0.0,-0.0,-0.08
21.4,-8.0,0.0,-0.0,-0.08
21.41,-8.0,0.0,-0.0,-0.08
21.42,-8.0,0.0,-0.0,-0.08
21.43,-8.0,0.0,-0.0,-0.08
21.44,-8.0,0.0,-0.0,-0.08
21.45,-8.0,0.0,-0.0,-0.08
21.46,-8.0,0.0,-0.0,-0.08
21.47,-8.0,0.0,-0.0,-0.08
21.48,-8.0,0.0,-0.0,-0.08
21.49,-8.0,0.0,-0.0,-0.08
21.5,-8.0,0.0,-0.0,-0.08
21.51,-8.0,0.0,-0.0,-0.08
21.52,-8.0,0.0,-0.0,-0.08
21.53,-8.0,0.0,-0.0,-0.08
21.54,-8.0,0.0,-0.0,-0.08
21.55,-8.0,0.0,-0.0,-0.08
21.56,-8.0,0.0,-0.0,-0.08
21.57,-8.0,0.0,-0.0,-0.08
21.58,-8.0,0.0,-0.0,-0.08
21.59,-8.0,0.0,-0.0,-0.08
21.6,-8.0,0.0,-0.0,-0.08
21.61,-8.0,0.0,-0.0,-0.08
21.62,-8.0,0.0,-0.0,-0.08
21.63,-8.0,0.0,-0.0,-0.08
21.64,-8.0,0.0,-0.0,-0.08
21.65,-8.0,0.0,-0.0,-0.08
21.66,-8.0,0.0,-0.0,-0.08
21.67,-8.0,0.0,-0.0,-0.08
21.68,-8.0,0.0,-0.0,-0.08
21.69,-8.0,0.0,-0.0,-0.08
21.7,-8.0,0.0,-0.0,-0.08
21.71,-8.0,0.0,-0.0,-0.08
21.72,-8.0,0.0,-0.0,-0.08
21.73,-8.0,0.0,-0.0,-0.08
21.74,-8.0,0.0,-0.0,-0.08
21.75,-8.0,0.0,-0.0,-0.08
21.76,-8.0,0.0,-0.0,-0.08
21.77,-8.0,0.0,-0.0,-0.08
21.78,-8.0,0.0,-0.0,-0.08
21.79,-8.0,0.0,-0.0,-0.08
21.8,-8.0,0.0,-0.0,-0.08
21.81,-8.0,0.0,-0.0,-0.08
21.82,-8.0,0.0,-0.0,-0.08
21.83,-8.0,0.0,-0.0,-0.08
21.84,-8.0,0.0,-0.0,-0.08
21.85,-8.0,0.0,-0.0,-0.08
21.86,-8.0,0.0,-0.0,-0.08
21.87,-8.0,0.0,-0.0,-0.08
21.88,-8.0,0.0,-0.0,-0.08
21.89,-8.0,0.0,-0.0,-0.08
21.9,-8.0,0.0,-0.0,-0.08
21.91,-8.0,0.0,-0.0,-0.08
21.92,-8.0,0.0,-0.0,-0.08
21.93,-8.0,0.0,-0.0,-0.08
21.94,-8.0,0.0,-0.0,-0.08
21.95,-8.0,0.0,-0.0,-0.08
21.96,-8.0,0.0,-0.0,-0.08
21.97,-8.0,0.0,-0.0,-0.08
21.98,-8.0,0.0,-0.0,-0.08
21.99,-8.0,0.0,-0.0,-0.08
22.0,-8.0,0.0,-0.0,-0.08
22.01,-8.0,0.0,-0.0,-0.08
22.02,-8.0,0.0,-0.0,-0.08
22.03,-8.0,0.0,-0.0,-0.08
22.04,-8.0,0.0,-0.0,-0.08
22.05,-8.0,0.0,-0.0,-0.08
22.06,-8.0,0.0,-0.0,-0.08
22.07,-8.0,0.0,-0.0,-0.08
22.08,-8.0,0.0,-0.0,-0.08
22.09,-8.0,0.0,-0.0,-0.08
22.1,-8.0,0.0,-0.0,-0.08
22.11,-8.0,0.0,-0.0,-0.08
22.12,-8.0,0.0,-0.0,-0.08
22.13,-8.0,0.0,-0.0,-0.08
22.14,-8.0,0.0,-0.0,-0.08
22.15,-8.0,0.0,-0.0,-0.08
22.16,-8.0,0.0,-0.0,-0.08
22.17,-8.0,0.0,-0.0,-0.08
22.18,-8.0,0.0,-0.0,-0.08
22.19,-8.0,0.0,-0.0,-0.08
22.2,-8.0,0.0,-0.0,-0.08
22.21,-8.0,0.0,-0.0,-0.08
22.22,-8.0,0.0,-0.0,-0.08
22.23,-8.0,0.0,-0.0,-0.08
22.24,-8.0,0.0,-0.0,-0.08
22.25,-8.0,0.0,-0.0,-0.08
22.26,-8.0,0.0,-0.0,-0.08
22.27,-8.0,0.0,-0.0,-0.08
22.28,-8.0,0.0,-0.0,-0.08
22.29,-8.0,0.0,-0.0,-0.08
22.3,-8.0,0.0,-0.0,-0.08
22.31,-8.0,0.0,-0.0,-0.08
22.32,-8.0,0.0,-0.0,-0.08
22.33,-8.0,0.0,-0.0,-0.08
22.34,-8.0,0.0,-0.0,-0.08
22.35,-8.0,0.0,-0.0,-0.08
22.36,-8.0,0.0,-0.0,-0.08
22.37,-8.0,0.0,-0.0,-0.08
22.38,-8.0,0.0,-0.0,-0.08
22.39,-8.0,0.0,-0.0,-0.08
22.4,-8.0,0.0,-0.0,-0.08
22.41,-8.0,0.0,-0.0,-0.08
22.42,-8.0,0.0,-0.0,-0.08
22.43,-8.0,0.0,-0.0,-0.08
22.44,-8.0,0.0,-0.0,-0.08
22.45,-8.0,0.0,-0.0,-0.08
22.46,-8.0,0.0,-0.0,-0.08
22.47,-8.0,0.0,-0.0,-0.08
22.48,-8.0,0.0,-0.0,-0.08
22.49,-8.0,0.0,-0.0,-0.08
22.5,-8.0,0.0,-0.0,-0.08
22.51,-8.0,0.0,-0.0,-0.08
22.52,-8.0,0.0,-0.0,-0.08
22.53,-8.0,0.0,-0.0,-0.08
22.54,-8.0,0.0,-0.0,-0.08
22.55,-8.0,0.0,-0.0,-0.08
22.56,-8.0,0.0,-0.0,-0.08
22.57,-8.0,0.0,-0.0,-0.08
22.58,-8.0,0.0,-0.0,-0.08
22.59,-8.0,0.0,-0.0,-0.08
22.6,-8.0,0.0,-0.0,-0.08
22.61,-8.0,0.0,-0.0,-0.08
22.62,-8.0,0.0,-0.0,-0.08
22.63,-8.0,0.0,-0.0,-0.08
22.64,-8.0,0.0,-0.0,-0.08
22.65,-8.0,0.0,-0.0,-0.08
22.66,-8.0,0.0,-0.0,-0.08
22.67,-8.0,0.0,-0.0,-0.08
22.68,-8.0,0.0,-0.0,-0.08
22.69,-8.0,0.0,-0.0,-0.08
22.7,-8.0,0.0,-0.0,-0.08
22.71,-8.0,0.0,-0.0,-0.08
22.72,-8.0,0.0,-0.0,-0.08
22.73,-8.0,0.0,-0.0,-0.08
22.74,-8.0,0.0,-0.0,-0.08
22.75,-8.0,0.0,-0.0,-0.08
22.76,-8.0,0.0,-0.0,-0.08
22.77,-8.0,0.0,-0.0,-0.08
22.78,-8.0,0.0,-0.0,-0.08
22.79,-8.0,0.0,-0.0,-0.08
22.8,-8.0,0.0,-0.0,-0.08
22.81,-8.0,0.0,-0.0,-0.08
22.82,-8.0,0.0,-0.0,-0.08
22.83,-8.0,0.0,-0.0,-0.08
22.84,-8.0,0.0,-0.0,-0.08
22.85,-8.0,0.0,-0.0,-0.08
22.86,-8.0,0.0,-0.0,-0.08
22.87,-8.0,0.0,-0.0,-0.08
22.88,-8.0,0.0,-0.0,-0.08
22.89,-8.0,0.0,-0.0,-0.08
22.9,-8.0,0.0,-0.0,-0.08
22.91,-8.0,0.0,-0.0,-0.08
22.92,-8.0,0.0,-0.0,-0.08
22.93,-8.0,0.0,-0.0,-0.08
22.94,-8.0,0.0,-0.0,-0.08
22.95,-8.0,0.0,-0.0,-0.08
22.96,-8.0,0.0,-0.0,-0.08
22.97,-8.0,0.0,-0.0,-0.08
22.98,-8.0,0.0,-0.0,-0.08
22.99,-8.0,0.0,-0.0,-0.08
23.0,-8.0,0.0,-0.0,-0.08
23.01,-8.0,0.0,-0.0,-0.08
23.02,-8.0,0.0,-0.0,-0.08
23.03,-8.0,0.0,-0.0,-0.08
23.04,-8.0,0.0,-0.0,-0.08
23.05,-8.0,0.0,-0.0,-0.08
23.06,-8.0,0.0,-0.0,-0.08
23.07,-8.0,0.0,-0.0,-0.08
23.08,-8.0,0.0,-0.0,-0.08
23.09,-8.0,0.0,-0.0,-0.08
23.1,-8.0,0.0,-0.0,-0.08
23.11,-8.0,0.0,-0.0,-0.08
23.12,-8.0,0.0,-0.0,-0.08
23.13,-8.0,0.0,-0.0,-0.08
23.14,-8.0,0.0,-0.0,-0.08
23.15,-8.0,0.0,-0.0,-0.08
23.16,-8.0,0.0,-0.0,-0.08
23.17,-8.0,0.0,-0.0,-0.08
23.18,-8.0,0.0,-0.0,-0.08
23.19,-8.0,0.0,-0.0,-0.08
23.2,-8.0,0.0,-0.0,-0.08
23.21,-8.0,0.0,-0.0,-0.08
23.22,-8.0,0.0,-0.0,-0.08
23.23,-8.0,0.0,-0.0,-0.08
23.24,-8.0,0.0,-0.0,-0.08
23.25,-8.0,0.0,-0.0,-0.08
23.26,-8.0,0.0,-0.0,-0.08
23.27,-8.0,0.0,-0.0,-0.08
23.28,-8.0,0.0,-0.0,-0.08
23.29,-8.0,0.0,-0.0,-0.08
23.3,-8.0,0.0,-0.0,-0.08
23.31,-8.0,0.0,-0.0,-0.08
23.32,-8.0,0.0,-0.0,-0.08
23.33,-8.0,0.0,-0.0,-0.08
23.34,-8.0,0.0,-0.0,-0.08
23.35,-8.0,0.0,-0.0,-0.08
23.36,-8.0,0.0,-0.0,-0.08
23.37,-8.0,0.0,-0.0,-0.08
23.38,-8.0,0.0,-0.0,-0.08
23.39,-8.0,0.0,-0.0,-0.08
23.4,-8.0,0.0,-0.0,-0.08
23.41,-8.0,0.0,-0.0,-0.08
23.42,-8.0,0.0,-0.0,-0.08
23.43,-8.0,0.0,-0.0,-0.08
23.44,-8.0,0.0,-0.0,-0.08
23.45,-8.0,0.0,-0.0,-0.08
23.46,-8.0,0.0,-0.0,-0.08
23.47,-8.0,0.0,-0.0,-0.08
23.48,-8.0,0.0,-0.0,-0.08
23.49,-8.0,0.0,-0.0,-0.08
23.5,-8.0,0.0,-0.0,-0.08
23.51,-8.0,0.0,-0.0,-0.08
23.52,-8.0,0.0,-0.0,-0.08
23.53,-8.0,0.0,-0.0,-0.08
23.54,-8.0,0.0,-0.0,-0.08
23.55,-8.0,0.0,-0.0,-0.08
23.56,-8.0,0.0,-0.0,-0.08
23.57,-8.0,0.0,-0.0,-0.08
23.58,-8.0,0.0,-0.0,-0.08
23.59,-8.0,0.0,-0.0,-0.08
23.6,-8.0,0.0,-0.0,-0.08
23.61,-8.0,0.0,-0.0,-0.08
23.62,-8.0,0.0,-0.0,-0.08
23.63,-8.0,0.0,-0.0,-0.08
23.64,-8.0,0.0,-0.0,-0.08
23.65,-8.0,0.0,-0.0,-0.08
23.66,-8.0,0.0,-0.0,-0.08
23.67,-8.0,0.0,-0.0,-0.08
23.68,-8.0,0.0,-0.0,-0.08
23.69,-8.0,0.0,-0.0,-0.08
23.7,-8.0,0.0,-0.0,-0.08
23.71,-8.0,0.0,-0.0,-0.08
23.72,-8.0,0.0,-0.0,-0.08
23.73,-8.0,0.0,-0.0,-0.08
23.74,-8.0,0.0,-0.0,-0.08
23.75,-8.0,0.0,-0.0,-0.08
23.76,-8.0,0.0,-0.0,-0.08
23.77,-8.0,0.0,-0.0,-0.08
23.78,-8.0,0.0,-0.0,-0.08
23.79,-8.0,0.0,-0.0,-0.08
23.8,-8.0,0.0,-0.0,-0.08
23.81,-8.0,0.0,-0.0,-0.08
23.82,-8.0,0.0,-0.0,-0.08
23.83,-8.0,0.0,-0.0,-0.08
23.84,-8.0,0.0,-0.0,-0.08
23.85,-8.0,0.0,-0.0,-0.08
23.86,-8.0,0.0,-0.0,-0.08
23.87,-8.0,0.0,-0.0,-0.08
23.88,-8.0,0.0,-0.0,-0.08
23.89,-8.0,0.0,-0.0,-0.08
23.9,-8.0,0.0,-0.0,-0.08
23.91,-8.0,0.0,-0.0,-0.08
23.92,-8.0,0.0,-0.0,-0.08
23.93,-8.0,0.0,-0.0,-0.08
23.94,-8.0,0.0,-0.0,-0.08
23.95,-8.0,0.0,-0.0,-0.08
23.96,-8.0,0.0,-0.0,-0.08
23.97,-8.0,0.0,-0.0,-0.08
23.98,-8.0,0.0,-0.0,-0.08
23.99,-8.0,0.0,-0.0,-0.08
24.0,-8.0,0.0,-0.0,-0.08
24.01,-8.0,0.0,-0.0,-0.08
24.02,-8.0,0.0,-0.0,-0.08
24.03,-8.0,0.0,-0.0,-0.08
24.04,-8.0,0.0,-0.0,-0.08
24.05,-8.0,0.0,-0.0,-0.08
24.06,-8.0,0.0,-0.0,-0.08
24.07,-8.0,0.0,-0.0,-0.08
24.08,-8.0,0.0,-0.0,-0.08
24.09,-8.0,0.0,-0.0,-0.08
24.1,-8.0,0.0,-0.0,-0.08
24.11,-8.0,0.0,-0.0,-0.08
24.12,-8.0,0.0,-0.0,-0.08
24.13,-8.0,0.0,-0.0,-0.08
24.14,-8.0,0.0,-0.0,-0.08
24.15,-8.0,0.0,-0.0,-0.08
24.16,-8.0,0.0,-0.0,-0.08
24.17,-8.0,0.0,-0.0,-0.08
24.18,-8.0,0.0,-0.0,-0.08
24.19,-8.0,0.0,-0.0,-0.08
24.2,-8.0,0.0,-0.0,-0.08
24.21,-8.0,0.0,-0.0,-0.08
24.22,-8.0,0.0,-0.0,-0.08
24.23,-8.0,0.0,-0.0,-0.08
24.24,-8.0,0.0,-0.0,-0.08
24.25,-8.0,0.0,-0.0,-0.08
24.26,-8.0,0.0,-0.0,-0.08
24.27,-8.0,0.0,-0.0,-0.08
24.28,-8.0,0.0,-0.0,-0.08
24.29,-8.0,0.0,-0.0,-0.08
24.3,-8.0,0.0,-0.0,-0.08
24.31,-8.0,0.0,-0.0,-0.08
24.32,-8.0,0.0,-0.0,-0.08
24.33,-8.0,0.0,-0.0,-0.08
24.34,-8.0,0.0,-0.0,-0.08
24.35,-8.0,0.0,-0.0,-0.08
24.36,-8.0,0.0,-0.0,-0.08
24.37,-8.0,0.0,-0.0,-0.08
24.38,-8.0,0.0,-0.0,-0.08
24.39,-8.0,0.0,-0.0,-0.08
24.4,-8.0,0.0,-0.0,-0.08
24.41,-8.0,0.0,-0.0,-0.08
24.42,-8.0,0.0,-0.0,-0.08
24.43,-8.0,0.0,-0.0,-0.08
24.44,-8.0,0.0,-0.0,-0.08
24.45,-8.0,0.0,-0.0,-0.08
24.46,-8.0,0.0,-0.0,-0.08
24.47,-8.0,0.0,-0.0,-0.08
24.48,-8.0,0.0,-0.0,-0.08
24.49,-8.0,0.0,-0.0,-0.08
24.5,-8.0,0.0,-0.0,-0.08
24.51,-8.0,0.0,-0.0,-0.08
24.52,-8.0,0.0,-0.0,-0.08
24.53,-8.0,0.0,-0.0,-0.08
24.54,-8.0,0.0,-0.0,-0.08
24.55,-8.0,0.0,-0.0,-0.08
24.56,-8.0,0.0,-0.0,-0.08
24.57,-8.0,0.0,-0.0,-0.08
24.58,-8.0,0.0,-0.0,-0.08
24.59,-8.0,0.0,-0.0,-0.08
24.6,-8.0,0.0,-0.0,-0.08
24.61,-8.0,0.0,-0.0,-0.08
24.62,-8.0,0.0,-0.0,-0.08
24.63,-8.0,0.0,-0.0,-0.08
24.64,-8.0,0.0,-0.0,-0.08
24.65,-8.0,0.0,-0.0,-0.08
24.66,-8.0,0.0,-0.0,-0.08
24.67,-8.0,0.0,-0.0,-0.08
24.68,-8.0,0.0,-0.0,-0.08
24.69,-8.0,0.0,-0.0,-0.08
24.7,-8.0,0.0,-0.0,-0.08
24.71,-8.0,0.0,-0.0,-0.08
24.72,-8.0,0.0,-0.0,-0.08
24.73,-8.0,0.0,-0.0,-0.08
24.74,-8.0,0.0,-0.0,-0.08
24.75,-8.0,0.0,-0.0,-0.08
24.76,-8.0,0.0,-0.0,-0.08
24.77,-8.0,0.0,-0.0,-0.08
24.78,-8.0,0.0,-0.0,-0.08
24.79,-8.0,0.0,-0.0,-0.08
24.8,-8.0,0.0,-0.0,-0.08
24.81,-8.0,0.0,-0.0,-0.08
24.82,-8.0,0.0,-0.0,-0.08
24.83,-8.0,0.0,-0.0,-0.08
24.84,-8.0,0.0,-0.0,-0.08
24.85,-8.0,0.0,-0.0,-0.08
24.86,-8.0,0.0,-0.0,-0.08
24.87,-8.0,0.0,-0.0,-0.08
24.88,-8.0,0.0,-0.0,-0.08
24.89,-8.0,0.0,-0.0,-0.08
24.9,-8.0,0.0,-0.0,-0.08
24.91,-8.0,0.0,-0.0,-0.08
24.92,-8.0,0.0,-0.0,-0.08
24.93,-8.0,0.0,-0.0,-0.08
24.94,-8.0,0.0,-0.0,-0.08
24.95,-8.0,0.0,-0.0,-0.08
24.96,-8.0,0.0,-0.0,-0.08
24.97,-8.0,0.0,-0.0,-0.08
24.98,-8.0,0.0,-0.0,-0.08
24.99,-8.0,0.0,-0.0,-0.08
25.0,-8.0,0.0,-0.0,-0.08
25.01,-8.0,0.0,-0.0,-0.08
25.02,-8.0,0.0,-0.0,-0.08
25.03,-8.0,0.0,-0.0,-0.08
25.04,-8.0,0.0,-0.0,-0.08
25.05,-8.0,0.0,-0.0,-0.08
25.06,-8.0,0.0,-0.0,-0.08
25.07,-8.0,0.0,-0.0,-0.08
25.08,-8.0,0.0,-0.0,-0.08
25.09,-8.0,0.0,-0.0,-0.08
25.1,-8.0,0.0,-0.0,-0.08
25.11,-8.0,0.0,-0.0,-0.08
25.12,-8.0,0.0,-0.0,-0.08
25.13,-8.0,0.0,-0.0,-0.08
25.14,-8.0,0.0,-0.0,-0.08
25.15,-8.0,0.0,-0.0,-0.08
25.16,-8.0,0.0,-0.0,-0.08
25.17,-8.0,0.0,-0.0,-0.08
25.18,-8.0,0.0,-0.0,-0.08
25.19,-8.0,0.0,-0.0,-0.08
25.2,-8.0,0.0,-0.0,-0.08
25.21,-8.0,0.0,-0.0,-0.08
25.22,-8.0,0.0,-0.0,-0.08
25.23,-8.0,0.0,-0.0,-0.08
25.24,-8.0,0.0,-0.0,-0.08
25.25,-8.0,0.0,-0.0,-0.08
25.26,-8.0,0.0,-0.0,-0.08
25.27,-8.0,0.0,-0.0,-0.08
25.28,-8.0,0.0,-0.0,-0.08
25.29,-8.0,0.0,-0.0,-0.08
25.3,-8.0,0.0,-0.0,-0.08
25.31,-8.0,0.0,-0.0,-0.08
25.32,-8.0,0.0,-0.0,-0.08
25.33,-8.0,0.0,-0.0,-0.08
25.34,-8.0,0.0,-0.0,-0.08
25.35,-8.0,0.0,-0.0,-0.08
25.36,-8.0,0.0,-0.0,-0.08
25.37,-8.0,0.0,-0.0,-0.08
25.38,-8.0,0.0,-0.0,-0.08
25.39,-8.0,0.0,-0.0,-0.08
25.4,-8.0,0.0,-0.0,-0.08
25.41,-8.0,0.0,-0.0,-0.08
25.42,-8.0,0.0,-0.0,-0.08
25.43,-8.0,0.0,-0.0,-0.08
25.44,-8.0,0.0,-0.0,-0.08
25.45,-8.0,0.0,-0.0,-0.08
25.46,-8.0,0.0,-0.0,-0.08
25.47,-8.0,0.0,-0.0,-0.08
25.48,-8.0,0.0,-0.0,-0.08
25.49,-8.0,0.0,-0.0,-0.08
25.5,-8.0,0.0,-0.0,-0.08
25.51,-8.0,0.0,-0.0,-0.08
25.52,-8.0,0.0,-0.0,-0.08
25.53,-8.0,0.0,-0.0,-0.08
25.54,-8.0,0.0,-0.0,-0.08
25.55,-8.0,0.0,-0.0,-0.08
25.56,-8.0,0.0,-0.0,-0.08
25.57,-8.0,0.0,-0.0,-0.08
25.58,-8.0,0.0,-0.0,-0.08
25.59,-8.0,0.0,-0.0,-0.08
25.6,-8.0,0.0,-0.0,-0.08
25.61,-8.0,0.0,-0.0,-0.08
25.62,-8.0,0.0,-0.0,-0.08
25.63,-8.0,0.0,-0.0,-0.08
25.64,-8.0,0.0,-0.0,-0.08
25.65,-8.0,0.0,-0.0,-0.08
25.66,-8.0,0.0,-0.0,-0.08
25.67,-8.0,0.0,-0.0,-0.08
25.68,-8.0,0.0,-0.0,-0.08
25.69,-8.0,0.0,-0.0,-0.08
25.7,-8.0,0.0,-0.0,-0.08
25.71,-8.0,0.0,-0.0,-0.08
25.72,-8.0,0.0,-0.0,-0.08
25.73,-8.0,0.0,-0.0,-0.08
25.74,-8.0,0.0,-0.0,-0.08
25.75,-8.0,0.0,-0.0,-0.08
25.76,-8.0,0.0,-0.0,-0.08
25.77,-8.0,0.0,-0.0,-0.08
25.78,-8.0,0.0,-0.0,-0.08
25.79,-8.0,0.0,-0.0,-0.08
25.8,-8.0,0.0,-0.0,-0.08
25.81,-8.0,0.0,-0.0,-0.08
25.82,-8.0,0.0,-0.0,-0.08
25.83,-8.0,0.0,-0.0,-0.08
25.84,-8.0,0.0,-0.0,-0.08
25.85,-8.0,0.0,-0.0,-0.08
25.86,-8.0,0.0,-0.0,-0.08
25.87,-8.0,0.0,-0.0,-0.08
25.88,-8.0,0.0,-0.0,-0.08
25.89,-8.0,0.0,-0.0,-0.08
25.9,-8.0,0.0,-0.0,-0.08
25.91,-8.0,0.0,-0.0,-0.08
25.92,-8.0,0.0,-0.0,-0.08
25.93,-8.0,0.0,-0.0,-0.08
25.94,-8.0,0.0,-0.0,-0.08
25.95,-8.0,0.0,-0.0,-0.08
25.96,-8.0,0.0,-0.0,-0.08
25.97,-8.0,0.0,-0.0,-0.08
25.98,-8.0,0.0,-0.0,-0.08
25.99,-8.0,0.0,-0.0,-0.08
26.0,-8.0,0.0,-0.0,-0.08
26.01,-8.0,0.0,-0.0,-0.08
26.02,-8.0,0.0,-0.0,-0.08
26.03,-8.0,0.0,-0.0,-0.08
26.04,-8.0,0.0,-0.0,-0.08
26.05,-8.0,0.0,-0.0,-0.08
26.06,-8.0,0.0,-0.0,-0.08
26.07,-8.0,0.0,-0.0,-0.08
26.08,-8.0,0.0,-0.0,-0.08
26.09,-8.0,0.0,-0.0,-0.08
26.1,-8.0,0.0,-0.0,-0.08
26.11,-8.0,0.0,-0.0,-0.08
26.12,-8.0,0.0,-0.0,-0.08
26.13,-8.0,0.0,-0.0,-0.08
26.14,-8.0,0.0,-0.0,-0.08
26.15,-8.0,0.0,-0.0,-0.08
26.16,-8.0,0.0,-0.0,-0.08
26.17,-8.0,0.0,-0.0,-0.08
26.18,-8.0,0.0,-0.0,-0.08
26.19,-8.0,0.0,-0.0,-0.08
26.2,-8.0,0.0,-0.0,-0.08
26.21,-8.0,0.0,-0.0,-0.08
26.22,-8.0,0.0,-0.0,-0.08
26.23,-8.0,0.0,-0.0,-0.08
26.24,-8.0,0.0,-0.0,-0.08
26.25,-8.0,0.0,-0.0,-0.08
26.26,-8.0,0.0,-0.0,-0.08
26.27,-8.0,0.0,-0.0,-0.08
26.28,-8.0,0.0,-0.0,-0.08
26.29,-8.0,0.0,-0.0,-0.08
26.3,-8.0,0.0,-0.0,-0.08
26.31,-8.0,0.0,-0.0,-0.08
26.32,-8.0,0.0,-0.0,-0.08
26.33,-8.0,0.0,-0.0,-0.08
26.34,-8.0,0.0,-0.0,-0.08
26.35,-8.0,0.0,-0.0,-0.08
26.36,-8.0,0.0,-0.0,-0.08
26.37,-8.0,0.0,-0.0,-0.08
26.38,-8.0,0.0,-0.0,-0.08
26.39,-8.0,0.0,-0.0,-0.08
26.4,-8.0,0.0,-0.0,-0.08
26.41,-8.0,0.0,-0.0,-0.08
26.42,-8.0,0.0,-0.0,-0.08
26.43,-8.0,0.0,-0.0,-0.08
26.44,-8.0,0.0,-0.0,-0.08
26.45,-8.0,0.0,-0.0,-0.08
26.46,-8.0,0.0,-0.0,-0.08
26.47,-8.0,0.0,-0.0,-0.08
26.48,-8.0,0.0,-0.0,-0.08
26.49,-8.0,0.0,-0.0,-0.08
26.5,-8.0,0.0,-0.0,-0.08
26.51,-8.0,0.0,-0.0,-0.08
26.52,-8.0,0.0,-0.0,-0.08
26.53,-8.0,0.0,-0.0,-0.08
26.54,-8.0,0.0,-0.0,-0.08
26.55,-8.0,0.0,-0.0,-0.08
26.56,-8.0,0.0,-0.0,-0.08
26.57,-8.0,0.0,-0.0,-0.08
26.58,-8.0,0.0,-0.0,-0.08
26.59,-8.0,0.0,-0.0,-0.08
26.6,-8.0,0.0,-0.0,-0.08
26.61,-8.0,0.0,-0.0,-0.08
26.62,-8.0,-1.0,-1.0,-0.88
26.63,54.0,-1.0,-1.0,-0.83
26.64,53.0,-1.0,-1.0,-0.78
26.65,52.0,-1.0,-1.0,-0.73
26.66,52.0,-1.0,-1.0,-0.69
26.67,51.0,-1.0,-1.0,-0.64
26.68,50.0,-1.0,-1.0,-0.59
26.69,49.0,-1.0,-1.0,-0.55
26.7,49.0,-1.0,-1.0,-0.5
26.71,48.0,-1.0,-1.0,-0.46
26.72,47.0,-1.0,-1.0,-0.41
26.73,47.0,-1.0,-1.0,-0.37
26.74,46.0,-1.0,-1.0,-0.32
26.75,46.0,-1.0,-1.0,-0.28
26.76,45.0,-1.0,-1.0,-0.24
26.77,44.0,-1.0,-1.0,-0.2
26.78,44.0,-1.0,-1.0,-0.15
26.79,43.0,-1.0,-1.0,-0.11
26.8,43.0,-1.0,-1.0,-0.07
26.81,42.0,-1.0,-1.0,-0.03
26.82,42.0,-1.0,-1.0,0.01
26.83,42.0,-1.0,-1.0,0.05
26.84,41.0,-1.0,-1.0,0.08
26.85,41.0,-1.0,-1.0,0.12
26.86,40.0,-1.0,-1.0,0.16
26.87,40.0,-1.0,-1.0,0.2
26.88,39.0,-1.0,-1.0,0.23
26.89,39.0,-1.0,-1.0,0.27
26.9,39.0,-1.0,-1.0,0.31
26.91,38.0,-1.0,-1.0,0.34
26.92,38.0,-1.0,-1.0,0.38
26.93,38.0,-1.0,-1.0,0.41
26.94,38.0,-1.0,-1.0,0.45
26.95,37.0,-1.0,-1.0,0.48
26.96,37.0,-1.0,-1.0,0.52
26.97,37.0,-1.0,-1.0,0.55
26.98,37.0,-1.0,-1.0,0.58
26.99,36.0,-1.0,-1.0,0.62
27.0,36.0,-1.0,-1.0,0.65
27.01,36.0,-2.0,-2.0,-0.12
27.02,98.0,-2.0,-2.0,-0.04
27.03,97.0,-2.0,-2.0,0.04
27.04,96.0,-2.0,-2.0,0.12
27.05,96.0,-2.0,-2.0,0.2
27.06,95.0,-2.0,-2.0,0.28
27.07,94.0,-2.0,-2.0,0.35
27.08,93.0,-2.0,-2.0,0.43
27.09,92.0,-2.0,-2.0,0.5
27.1,91.0,-2.0,-2.0,0.58
27.11,91.0,-2.0,-2.0,0.65
27.12,90.0,-2.0,-2.0,0.72
27.13,89.0,-2.0,-2.0,0.8
27.14,89.0,-2.0,-2.0,0.87
27.15,88.0,-2.0,-2.0,0.94
27.16,88.0,-2.0,-2.0,1.01
27.17,87.0,-2.0,-2.0,1.07
27.18,87.0,-2.0,-2.0,1.14
27.19,86.0,-2.0,-2.0,1.21
27.2,86.0,-2.0,-2.0,1.28
27.21,85.0,-2.0,-2.0,1.34
27.22,85.0,-2.0,-2.0,1.41
27.23,84.0,-2.0,-2.0,1.47
27.24,84.0,-2.0,-2.0,1.53
27.25,84.0,-2.0,-2.0,1.6
27.26,83.0,-2.0,-2.0,1.66
27.27,83.0,-2.0,-2.0,1.72
27.28,83.0,-2.0,-2.0,1.78
27.29,83.0,-2.0,-2.0,1.84
27.3,82.0,-2.0,-2.0,1.9
27.31,82.0,-2.0,-2.0,1.96
27.32,82.0,-2.0,-2.0,2.02
27.33,82.0,-2.0,-2.0,2.07
27.34,82.0,-2.0,-2.0,2.13
27.35,82.0,-2.0,-2.0,2.19
27.36,82.0,-2.0,-2.0,2.24
27.37,82.0,-2.0,-2.0,2.3
27.38,82.0,-2.0,-2.0,2.35
27.39,82.0,-2.0,-2.0,2.41
27.4,82.0,-2.0,-2.0,2.46
27.41,82.0,-2.0,-2.0,2.52
27.42,82.0,-2.0,-2.0,2.57
27.43,82.0,-2.0,-2.0,2.62
27.44,82.0,-2.0,-2.0,2.67
27.45,82.0,-2.0,-2.0,2.72
27.46,82.0,-2.0,-2.0,2.77
27.47,82.0,-2.0,-2.0,2.82
27.48,82.0,-2.0,-2.0,2.87
27.49,83.0,-2.0,-2.0,2.92
27.5,83.0,-2.0,-2.0,2.97
27.51,83.0,-2.0,-2.0,3.02
27.52,83.0,-2.0,-2.0,3.07
27.53,83.0,-2.0,-2.0,3.11
27.54,84.0,-2.0,-2.0,3.16
27.55,84.0,-2.0,-2.0,3.21
27.56,84.0,-2.0,-2.0,3.25
27.57,85.0,-2.0,-2.0,3.3
27.58,85.0,-2.0,-2.0,3.34
27.59,85.0,-2.0,-2.0,3.39
27.6,86.0,-2.0,-2.0,3.43
27.61,86.0,-2.0,-2.0,3.47
27.62,86.0,-2.0,-2.0,3.52
27.63,87.0,-2.0,-2.0,3.56
27.64,87.0,-2.0,-2.0,3.6
27.65,88.0,-2.0,-2.0,3.65
27.66,88.0,-2.0,-2.0,3.69
27.67,89.0,-2.0,-2.0,3.73
27.68,89.0,-2.0,-2.0,3.77
27.69,90.0,-2.0,-2.0,3.81
27.7,90.0,-2.0,-2.0,3.85
27.71,91.0,-2.0,-2.0,3.89
27.72,91.0,-2.0,-2.0,3.93
27.73,92.0,-2.0,-2.0,3.97
27.74,92.0,-2.0,-2.0,4.01
27.75,93.0,-2.0,-2.0,4.05
27.76,93.0,-2.0,-2.0,4.08
27.77,94.0,-2.0,-2.0,4.12
27.78,95.0,-2.0,-2.0,4.16
27.79,95.0,-2.0,-2.0,4.2
27.8,96.0,-2.0,-2.0,4.23
27.81,96.0,-2.0,-2.0,4.27
27.82,97.0,-2.0,-2.0,4.31
27.83,98.0,-2.0,-2.0,4.34
27.84,98.0,-2.0,-2.0,4.38
27.85,99.0,-2.0,-2.0,4.41
27.86,100.0,-2.0,-2.0,4.45
27.87,101.0,-2.0,-2.0,4.48
27.88,101.0,-2.0,-2.0,4.52
27.89,102.0,-2.0,-2.0,4.55
27.9,103.0,-2.0,-2.0,4.59
27.91,104.0,-2.0,-2.0,4.62
27.92,104.0,-2.0,-2.0,4.65
27.93,105.0,-2.0,-2.0,4.69
27.94,106.0,-2.0,-2.0,4.72
27.95,107.0,-2.0,-2.0,4.75
27.96,107.0,-2.0,-2.0,4.78
27.97,108.0,-2.0,-2.0,4.82
27.98,109.0,-2.0,-2.0,4.85
27.99,110.0,-2.0,-2.0,4.88
28.0,111.0,-2.0,-2.0,4.91
28.01,112.0,-2.0,-2.0,4.94
28.02,112.0,-2.0,-2.0,4.97
28.03,113.0,-2.0,-2.0,5.01
28.04,114.0,-2.0,-2.0,5.04
28.05,115.0,-2.0,-2.0,5.07
28.06,116.0,-2.0,-2.0,5.1
28.07,117.0,-2.0,-2.0,5.13
28.08,118.0,-2.0,-2.0,5.16
28.09,119.0,-2.0,-2.0,5.18
28.1,120.0,-2.0,-2.0,5.21
28.11,120.0,-2.0,-2.0,5.24
28.12,121.0,-2.0,-2.0,5.27
28.13,122.0,-2.0,-2.0,5.3
28.14,123.0,-2.0,-2.0,5.33
28.15,124.0,-2.0,-2.0,5.36
28.16,125.0,-2.0,-2.0,5.39
28.17,126.0,-2.0,-2.0,5.41
28.18,127.0,-2.0,-2.0,5.44
28.19,128.0,-2.0,-2.0,5.47
28.2,129.0,-2.0,-2.0,5.5
28.21,130.0,-2.0,-2.0,5.52
28.22,131.0,-2.0,-2.0,5.55
28.23,132.0,-2.0,-2.0,5.58
28.24,133.0,-2.0,-2.0,5.6
28.25,134.0,-2.0,-2.0,5.63
28.26,135.0,-2.0,-2.0,5.66
28.27,136.0,-2.0,-2.0,5.68
28.28,137.0,-2.0,-2.0,5.71
28.29,138.0,-2.0,-2.0,5.73
28.3,139.0,-2.0,-2.0,5.76
28.31,140.0,-2.0,-2.0,5.79
28.32,141.0,-2.0,-2.0,5.81
28.33,142.0,-2.0,-2.0,5.84
28.34,144.0,-2.0,-2.0,5.86
28.35,145.0,-2.0,-2.0,5.89
28.36,146.0,-2.0,-2.0,5.91
28.37,147.0,-2.0,-2.0,5.93
28.38,148.0,-2.0,-2.0,5.96
28.39,149.0,-2.0,-2.0,5.98
28.4,150.0,-2.0,-2.0,6.01
28.41,151.0,-2.0,-2.0,6.03
28.42,152.0,-2.0,-2.0,6.06
28.43,153.0,-2.0,-2.0,6.08
28.44,155.0,-2.0,-2.0,6.1
28.45,156.0,-2.0,-2.0,6.13
28.46,157.0,-2.0,-2.0,6.15
28.47,158.0,-2.0,-2.0,6.17
28.48,159.0,-2.0,-2.0,6.2
28.49,160.0,-2.0,-2.0,6.22
28.5,161.0,-2.0,-2.0,6.24
28.51,163.0,-2.0,-2.0,6.27
28.52,164.0,-2.0,-2.0,6.29
28.53,165.0,-2.0,-2.0,6.31
28.54,166.0,-2.0,-2.0,6.33
28.55,167.0,-2.0,-2.0,6.36
28.56,168.0,-2.0,-2.0,6.38
28.57,170.0,-2.0,-2.0,6.4
28.58,171.0,-2.0,-2.0,6.42
28.59,172.0,-2.0,-2.0,6.44
28.6,173.0,-2.0,-2.0,6.47
28.61,174.0,-2.0,-2.0,6.49
28.62,176.0,-2.0,-2.0,6.51
28.63,177.0,-2.0,-2.0,6.53
28.64,178.0,-2.0,-2.0,6.55
28.65,179.0,-2.0,-2.0,6.57
28.66,180.0,-2.0,-2.0,6.6
28.67,182.0,-2.0,-2.0,6.62
28.68,183.0,-2.0,-2.0,6.64
28.69,184.0,-2.0,-2.0,6.66
28.7,185.0,-2.0,-2.0,6.68
28.71,186.0,-2.0,-2.0,6.7
28.72,188.0,-2.0,-2.0,6.72
28.73,189.0,-2.0,-2.0,6.74
28.74,190.0,-2.0,-2.0,6.76
28.75,191.0,-2.0,-2.0,6.78
28.76,193.0,-2.0,-2.0,6.8
28.77,194.0,-2.0,-2.0,6.82
28.78,195.0,-2.0,-2.0,6.84
28.79,196.0,-2.0,-2.0,6.86
28.8,198.0,-2.0,-2.0,6.88
28.81,199.0,-2.0,-2.0,6.9
28.82,200.0,-2.0,-2.0,6.92
28.83,201.0,-2.0,-2.0,6.94
28.84,203.0,-2.0,-2.0,6.96
28.85,204.0,-2.0,-2.0,6.98
28.86,205.0,-2.0,-2.0,7.0
28.87,207.0,-2.0,-2.0,7.02
28.88,208.0,-2.0,-2.0,7.04
28.89,209.0,-2.0,-2.0,7.06
28.9,210.0,-2.0,-2.0,7.08
28.91,212.0,-2.0,-2.0,7.1
28.92,213.0,-2.0,-2.0,7.12
28.93,214.0,-2.0,-2.0,7.14
28.94,216.0,-2.0,-2.0,7.16
28.95,217.0,-2.0,-2.0,7.18
28.96,218.0,-2.0,-2.0,7.2
28.97,219.0,-2.0,-2.0,7.21
28.98,221.0,-2.0,-2.0,7.23
28.99,222.0,-2.0,-2.0,7.25
29.0,223.0,-2.0,-2.0,7.27
29.01,225.0,-2.0,-2.0,7.29
29.02,226.0,-2.0,-2.0,7.31
29.03,227.0,-2.0,-2.0,7.33
29.04,229.0,-2.0,-2.0,7.35
29.05,230.0,-2.0,-2.0,7.36
29.06,231.0,-2.0,-2.0,7.38
29.07,233.0,-2.0,-2.0,7.4
29.08,234.0,-2.0,-2.0,7.42
29.09,235.0,-2.0,-2.0,7.44
29.1,237.0,-2.0,-2.0,7.46
29.11,238.0,-2.0,-2.0,7.47
29.12,239.0,-2.0,-2.0,7.49
29.13,241.0,-2.0,-2.0,7.51
29.14,242.0,-2.0,-2.0,7.53
29.15,243.0,-2.0,-2.0,7.55
29.16,245.0,-2.0,-2.0,7.56
29.17,246.0,-2.0,-2.0,7.58
29.18,247.0,-2.0,-2.0,7.6
29.19,249.0,-2.0,-2.0,7.62
29.2,250.0,-2.0,-2.0,7.63
29.21,251.0,-2.0,-2.0,7.65
29.22,253.0,-2.0,-2.0,7.67
29.23,254.0,-2.0,-2.0,7.69
29.24,255.0,-2.0,-2.0,7.7
29.25,257.0,-2.0,-2.0,7.72
29.26,258.0,-2.0,-2.0,7.74
29.27,259.0,-2.0,-2.0,7.76
29.28,261.0,-2.0,-2.0,7.77
29.29,262.0,-2.0,-2.0,7.79
29.3,263.0,-2.0,-2.0,7.81
29.31,265.0,-2.0,-2.0,7.83
29.32,266.0,-2.0,-2.0,7.84
29.33,268.0,-2.0,-2.0,7.86
29.34,269.0,-2.0,-2.0,7.88
29.35,270.0,-2.0,-2.0,7.9
29.36,272.0,-2.0,-2.0,7.91
29.37,273.0,-2.0,-2.0,7.93
29.38,274.0,-2.0,-2.0,7.95
29.39,276.0,-2.0,-2.0,7.96
29.4,277.0,-2.0,-2.0,7.98
29.41,278.0,-2.0,-2.0,8.0
29.42,280.0,-2.0,-2.0,8.01
29.43,281.0,-2.0,-2.0,8.03
29.44,283.0,-2.0,-2.0,8.05
29.45,284.0,-2.0,-2.0,8.06
29.46,285.0,-2.0,-2.0,8.08
29.47,287.0,-2.0,-2.0,8.1
29.48,288.0,-2.0,-2.0,8.11
29.49,290.0,-2.0,-2.0,8.13
29.5,291.0,-2.0,-2.0,8.15
29.51,292.0,-2.0,-2.0,8.16
29.52,294.0,-2.0,-2.0,8.18
29.53,295.0,-2.0,-2.0,8.2
29.54,296.0,-2.0,-2.0,8.21
29.55,298.0,-2.0,-2.0,8.23
29.56,299.0,-2.0,-2.0,8.25
29.57,301.0,-2.0,-2.0,8.26
29.58,302.0,-2.0,-2.0,8.28
29.59,303.0,-2.0,-2.0,8.3
29.6,305.0,-2.0,-2.0,8.31
29.61,306.0,-2.0,-2.0,8.33
29.62,308.0,-2.0,-2.0,8.35
29.63,309.0,-2.0,-2.0,8.36
29.64,310.0,-2.0,-2.0,8.38
29.65,312.0,-2.0,-2.0,8.39
29.66,313.0,-2.0,-2.0,8.41
29.67,315.0,-2.0,-2.0,8.43
29.68,316.0,-2.0,-2.0,8.44
29.69,317.0,-2.0,-2.0,8.46
29.7,319.0,-2.0,-2.0,8.48
29.71,320.0,-2.0,-2.0,8.49
29.72,322.0,-2.0,-2.0,8.51
29.73,323.0,-2.0,-2.0,8.52
29.74,324.0,-2.0,-2.0,8.54
29.75,326.0,-2.0,-2.0,8.56
29.76,327.0,-2.0,-2.0,8.57
29.77,329.0,-2.0,-2.0,8.59
29.78,330.0,-2.0,-2.0,8.6
29.79,331.0,-2.0,-2.0,8.62
29.8,333.0,-2.0,-2.0,8.64
29.81,334.0,-2.0,-2.0,8.65
29.82,336.0,-2.0,-2.0,8.67
29.83,337.0,-2.0,-2.0,8.68
29.84,339.0,-2.0,-2.0,8.7
29.85,340.0,-2.0,-2.0,8.71
29.86,341.0,-2.0,-2.0,8.73
29.87,343.0,-2.0,-2.0,8.75
29.88,344.0,-2.0,-2.0,8.76
29.89,346.0,-2.0,-2.0,8.78
29.9,347.0,-2.0,-2.0,8.79
29.91,348.0,-2.0,-2.0,8.81
29.92,350.0,-2.0,-2.0,8.83
29.93,351.0,-2.0,-2.0,8.84
29.94,353.0,-2.0,-2.0,8.86
29.95,354.0,-2.0,-2.0,8.87
29.96,356.0,-2.0,-2.0,8.89
29.97,357.0,-2.0,-2.0,8.9
29.98,358.0,-2.0,-2.0,8.92
29.99,360.0,-2.0,-2.0,8.93
